"Variable / Field Name","Form Name","Section Header","Field Type","Field Label","Choices, Calculations, OR Slider Labels","Field Note","Text Validation Type OR Show Slider Number","Text Validation Min","Text Validation Max",Identifier?,"Branching Logic (Show field only if...)","Required Field?","Custom Alignment","Question Number (surveys only)","Matrix Group Name","Matrix Ranking?","Field Annotation"
record_id,radar_integration,,text,"Record ID",,"Redcap ID field (autogenerated by Redcap)",,,,,,,,,,,
integration_warning,radar_integration,,descriptive,"This form is for integration of Redcap with the RADAR-Platform. 
********************************** WARNING **********************************
The fields here are not intended to be edited!",,,,,,,,,,,,,
subject_id,radar_integration,,text,"Participant ID",,"RADAR-platform (generated ID by Radar Platform)",,,,,,,,,,,"Integration Fields"
human_readable_id,radar_integration,,text,"Human Readable ID",,"Human Readable Field (generated by Radar Platform using a composition of [Project Name + Management Portal Project ID + Location + Redcap ID])",,,,,,,,,,,"Integration Fields"
surname,contact_info,,text,Surname,,Surname,,,,y,,,,,,,Surname
name,contact_info,,text,Name,,"First Name (name used on auto generated emails)",,,,y,,y,,,,,"First Name"
pref_name,contact_info,,text,"Preferred Name",,"Name preferred to be used (could be used on Survey auto generated email)",,,,y,,,,,,,"Preferred Name"
email,contact_info,,text,"Email Address",,"email used to distribute surveys to the participants",email,,,y,,y,,,,,
hospital_num,contact_info,,text,"Hospital number",,,,,,,,,,,,,
yob,socio_demographics,"Participant ID: [subject_id]",dropdown,"What is your year of birth?","0, 1999 | 1, 1998 | 2, 1997 | 3, 1996 | 4, 1995 | 5, 1994 | 6, 1993 | 7, 1992 | 8, 1991 | 9, 1990 | 10, 1989 | 11, 1988 | 12, 1987 | 13, 1986 | 14, 1985 | 15, 1984 | 16, 1983 | 17, 1982 | 18, 1981 | 19, 1980 | 20, 1979 | 21, 1978 | 22, 1977 | 23, 1976 | 24, 1975 | 25, 1974 | 26, 1973 | 27, 1972 | 28, 1971 | 29, 1970 | 30, 1969 | 31, 1968 | 32, 1967 | 33, 1966 | 34, 1965 | 35, 1964 | 36, 1963 | 37, 1962 | 38, 1961 | 39, 1960 | 40, 1959 | 41, 1958 | 42, 1957 | 43, 1956 | 44, 1955 | 45, 1954 | 46, 1953 | 47, 1952 | 48, 1951 | 49, 1950 | 50, 1949 | 51, 1948 | 52, 1947 | 53, 1946 | 54, 1945 | 55, 1944 | 56, 1943 | 57, 1942 | 58, 1941 | 59, 1940 | 60, 1939 | 61, 1938 | 62, 1937",,autocomplete,,,,,y,,,,,
age,socio_demographics,,text,"What was your age at enrolment?",,,integer,18,,,,,,,,,
gender,socio_demographics,,radio,"Are you:","0,Male|1,Female|2,Transgender|3,Other",,,,,,,,,,,,
marital_status,socio_demographics,,radio,"Are you:","0,Single|1,Cohabiting with your partner|2,Married and living with your husband/wife|3,Married and separated from your husband/wife|4,Divorced|5,Widowed",,,,,,,,,,,,
living_together,socio_demographics,,radio,"Are you living with someone in the household as a couple?","0,No|1,Yes",,,,,,,,,,,,
children,socio_demographics,,radio,"Do you have children?","0,No|1,Yes",,,,,,,,,,,,
no_of_children,socio_demographics,,text,"How many children do you have?",,,integer,,,,"[children]=""1""",,,,,,
children_live_with_you,socio_demographics,,text,"How many children still live with you?",,,integer,,,,"[children]=""1""",,,,,,
ethnicity_1,socio_demographics,"Choose one option that best describes your ethnic group or background.",radio,"What is your ethnic group or background?","0, English/Welsh/Scottish/Northern Irish/British | 1, Irish | 2, Gypsy or Irish Traveller | 3, Any other White background | 4, White and Black Caribbean | 5, White and Black African | 6, White and Asian | 7, Any other Mixed/Multiple ethnic background | 8, Indian | 9, Pakistani | 10, Bangladeshi | 11, Chinese | 12, Any other Asian background | 13, African | 14, Caribbean | 15, Any other Black/African/Caribbean background | 16, Arab | 17, Any other ethnic groups",,,,,,,,,,,,
white_other,socio_demographics,,text,"Describe which other white background",,,,,,,"[ethnicity_1]=""3""",,,,,,
mixed_other,socio_demographics,,text,"Describe which other mixed/multiple ethnic background",,,,,,,"[ethnicity_1]=""7""",,,,,,
asian_other,socio_demographics,,text,"Describe which other Asian background",,,,,,,"[ethnicity_1]=""12"" ",,,,,,
black_other,socio_demographics,,text,"Describe which other Black/African/Caribbean background",,,,,,,"[ethnicity_1]=""15""",,,,,,
ethnic_other,socio_demographics,,text,"Describe which other ethnic background",,,,,,,"[ethnicity_1]=""17"" ",,,,,,
country,socio_demographics,Country,text,"What country were you born in?",,,,,,,,,,,,,
eduction_finish_age,socio_demographics,Education,text,"How old were you when you finished your continuous full-time education or college?",,,integer,,,,,,,,,,
drop_school_1,socio_demographics,,radio,"Did you drop out of school before the age of 15 before you received your qualification?","0,No|1,Yes",,,,,,,,,,,,
qualifications,socio_demographics,,radio,"Have you got any qualifications of any sort?","0,No|1,Yes",,,,,,,,,,,,
degree_1,socio_demographics,,radio,"Which if the following qualifications do you have?","0,Degree level qualification or above|1,A-Level or equivalent (HNDs, NVQ level 3, Highers)|2,GCSE level or equivalent (O-level, NVQ level 1-2)|3,Below GCSE level|4,Other qualifications|5,No qualifications",,,,,,,,,,,,
benefits_type,socio_demographics,Benefits/Income,radio,"Are you currently receiving any of the following benefits in your own right, that is, where you are the named recipient?","0,Jobseekers allowance|1,Employment support allowance|2,Income support|3,Family credit/working families tax credit|4,State pension|5,State pension credit|6,Incapacity benefit|7,Statutory sick pay|8,Disability living allowance/working allowance|9,Other|10,No benefits",,,,,,,,,,,,
benefits,socio_demographics,,radio,"Do you or anyone else in your household receive Housing Benefit, either directly, or by having it paid to you or on your behalf?","0,No|1,Yes",,,,,,,,,,,,
income_gbp,socio_demographics,,radio,"Which of the following represents your household's annual gross income (income from all sources before deductions for income tax and national insurance","0, Less than £15,000|1,£15,000-£24,000|2,£24,000-£40,000|3,£40,000-£55,000|4,More than £55,000",,,,,,,,,,,,
income_contribution,socio_demographics,,text,"How many people contribute to the household income?",,,integer,,,,,,,,,,
accommodation,socio_demographics,Accomodation,radio,"In which of these ways do you occupy your accommodation?","0, Own outright | 1, Buying it with the help of a mortgage or loan | 2, Share Pay part rent and part mortgage (shared ownership) | 3, Rent it from Local Authority | 4, Rent it from Voluntary sector | 5, Rent it from Private landlord | 6, Live here rent-free (including rent-free in relatives/friends property, excluding squatting) | 7, Squatting",,,,,,,,,,,,
accommodation_satisfaction,socio_demographics,,radio,"How satisfied are you with this accommodation?","0,Very dissatisfied|1,Slightly dissatisfied|2,Neither satisfied nor dissatisfied|3,Fairly satisfied|4,Very satisfied",,,,,,,,,,,,
utilities,socio_demographics,,checkbox,"Have there been times during the past year when you were seriously behind in paying within the time allowed for any of these items","0,Rent|1,Gas|2,Electricity|3,Water|4,Goods on hire purchase|5,Mortgage repayments|6,Council Tax|7,Credit card payments|8,Telephone|9,Other loans|10,None of these",,,,,,,,,,,,
study,study,,radio,Study,"1,MDD|2,Epilepsy|3,MS(depression)|4,MS(Disability)",,,,,,,y,,,,,
enrolment_date,study,,text,"Enrolment Date",,"Date DD-MM-YY of enrolment into study (this field will be used to calculate survey schedules)",date_dmy,,,,,y,,,,,
enable_survey_invite,study,,yesno,"Send automatic survey invitation?",,"Set this ""no"" if the participant should not receive surveys",,,,,,y,,,,,
visit,study,,text,Visit,,,integer,,,,,,,,,,
month,study,,text,"Month in study",,,integer,,,,,,,,,,
contacts_weekly,social_environment,,checkbox,"In a typical week, how many of the following people do you come into contact with? By contact we mean talking either face-to-face or by phone","0,Brother/sister|1,In-laws|2,Other relatives|3,Close friends|4,Neighbours|5,Co-workers|6,Boss/supervisor|7,Other acquaintances|8,Helping professionals|9,Member of the same group or club",,,,,,,,,,,,
contacts_help,social_environment,,radio,"If you were in trouble or needed help, is there someone you could contact who would help you?","0,No|1,Yes",,,,,,,,,,,,
mh_family_depr,medical_history,,radio,"Have any of the following family members ever had depression","0,Parents|1,Siblings|2,Children",,,,,,,,,,,,
mh_relatives_depr,medical_history,,radio,"Have any other relatives ever had depression?","0,No|1,Yes",,,,,,,,,,,,
mh_relatives_depr_who,medical_history,,text,"If any other relatives ever had depression, who",,,,,,,"[mh_relatives_depr]=""1""",,,,,,
mh_smoking,medical_history,,radio,"Do you smoke?","0,No, I have never smoked|1,I do not smoke at the moment, but I have smoked in the past|2,Yes",,,,,,,,,,,,
mh_cigarettes_num,medical_history,,text,"If you smoke,how many cigarettes, cigars or rollups do you smoke per day?",,,integer,,,,"[mh_smoking]=""2""",,,,,,
mh_smoke_wakingup,medical_history,,radio,"How long after waking up do you have your first cigarette/cigar or rollup?","0,Within 5 minutes|1,6-30 minutes|2,31-60 minutes|3,After 60 minutes",,,,,,,,,,,,
mh_phys_activity,medical_history,,radio,"How often per week do you engage in physical activities in your leisure time that cause sweating?","0,Never|1,Once per week|2,Twice per week|3,Three times per week|4,Four times per week or more",,,,,,,,,,,,
mh_hours_sleep,medical_history,,text,"On a normal day, how many hours of sleep do you get?",,,integer,,,,,,,,,,
mh_longst_illness,medical_history,,radio,"Do you have a long-standing illness or disability which has troubled you for a period of time or is likely to affect you over a period of time?","0,No|1,Yes",,,,,,,,,,,,
mh_longst_illness_type,medical_history,,checkbox,"If you have a long-standing illness or disability, please indicate which of the following applies","0, Asthma | 1, Chronic bronchitis | 2, Other chest trouble | 3, Diabetes | 4a, Depression | 4, Stomach or other digestive disorder | 5, Liver trouble | 6, Kidney trouble | 7, Rheumatoid arthritis | 8, Osteoarthritis | 9, Heart trouble | 10, Cancer | 11, High blood pressure | 12, Multiple Sclerosis | 13, Epilepsy/fits | 14, Stroke | 15, Other neurological trouble | 16, Migraine | 17, Back trouble | 18, Other",,,,,,"[mh_longst_illness]=""1""",,,,,,
mh_cancer_type,medical_history,,text,"Please specify cancer",,,,,,,"[mh_longst_illness]=""1"" and [mh_longst_illness_type]=""10""",,,,,,
mh_illness_type,medical_history,,text,"If you have any other long-standing illness or disability, please specify",,,,,,,"[mh_longst_illness]=""1"" and [mh_longst_illness_type]=""18""",,,,,,
mh_srious_illness,medical_history,,radio,"Which of the long-standing illness or abilities is the most serious or important to you?","0,Asthma|1,Chronic bronchitis|2,Other chest trouble|3,Diabetes|4a,Depression|4,Stomach or other digestive disorder|5,Liver trouble|6,Kidney trouble|7,Rheumatoid arthritis|8,Osteoarthritis|9,Heart trouble|10,Cancer|11,High blood pressure|12,Multiple Sclerosis|13,Epilepsy/fits|14,Stroke|15,Other neurological trouble|16,Migraine|17,Back trouble|18,Other",,,,,,"[mh_longst_illness]=""1""",,,,,,
mh_ilness_onset_age,medical_history,,text,"How old were you when this illness started?",,,integer,,,,"[mh_longst_illness]=""1""",,,,,,
ldasr_1,lifetime_depression_assessment_self_report,"The next questions are about periods of sadness and depression in your life.",radio,"1. Have you ever had a time in your life when you felt sad, empty or depressed for two weeks or longer?","0,Yes|1,No",,,,,,,,,,,,
ldasr_2,lifetime_depression_assessment_self_report,,radio,"2. For the next question, think about a period of two weeks in your life when these feelings were worst. During this period of two weeks, how often did you feel this way?","0,Almost every day, most of the day|1,Less often",,,,,,"[ldasr_1]=""0""",,,,,,
ldasr_3,lifetime_depression_assessment_self_report,,radio,"3. Have you ever had a time in your life lasting two weeks or more when you lost interest in most things like hobbies, work, or activities that usually give you pleasure?","0,Yes|1,No",,,,,,"[ldasr_2]=""1""",,,,,,
ldasr_4,lifetime_depression_assessment_self_report,,radio,"4. For the next question, think about the period of two weeks in your life when your loss of interest was worst. During this period of two weeks, how often did you feel this way?","0,Almost every day, most of the day|1,Less often",,,,,,"[ldasr_2]=""1"" and [ldasr_3]=""0""",,,,,,
ldasr_5,lifetime_depression_assessment_self_report,,radio,"5. During this period that you felt sad, empty or depressed, did you ever have a period lasting two weeks or more when you lost interest in most things like hobbies, work, or activities that usually give you pleasure?","0,Yes|1,No",,,,,,"[ldasr_2]=""0""",,,,,,
ldasr_6,lifetime_depression_assessment_self_report,,radio,"6. For the next question, think about the period of two weeks in your life when your loss of interest were worst. During this period of two weeks, how often did you feel this way?","0,Almost every day, most of the day|1,Less often",,,,,,"[ldasr_5]=""0""",,,,,,
ldasr_7,lifetime_depression_assessment_self_report,"People who have periods in which they feel sad, empty or depressed or lose interest, often have other problems at the same time. During this period of at least two weeks when you felt sad, empty or depressed or lost interest in things:",radio,"7. Did you lack energy or feel tired more than usual?","0,Yes|1,No",,,,,,"[ldasr_4]=""0"" or [ldasr_5]=""1""",,,,,,
ldasr_8,lifetime_depression_assessment_self_report,,radio,"8. Did you have less appetite than usual almost every day?","0,Yes|1,No",,,,,,"[ldasr_3]=""0"" or [ldasr_4]=""0""",,,,,,
ldasr_9,lifetime_depression_assessment_self_report,,radio,"9. Did you lose weight without trying to, as much as a kilo a week for several weeks?","0,Yes|1,No",,,,,,"[ldasr_3]=""0"" or [ldasr_4]=""0""",,,,,,
ldasr_10,lifetime_depression_assessment_self_report,,text,"10. About how much weight did you lose in those weeks? (kg)",,kg,number,,,,"[ldasr_9]=""0""",,,,,,
ldasr_11,lifetime_depression_assessment_self_report,"During this period of at least two weeks when you felt sad, empty or depressed or lost interest in things:",radio,"11. Did you have a much larger appetite than usual almost every day for two weeks or more?","0,Yes|1,Yes but only because of a pregnancy of growth spurt|2,No",,,,,,"[ldasr_3]=""0"" or [ldasr_4]=""0""",,,,,,
ldasr_12,lifetime_depression_assessment_self_report,,radio,"12. Did your eating increase so much that you gained weight, as much as a kilo a week for several weeks?","0,Yes|1,No",,,,,,"[ldasr_3]=""0"" or [ldasr_4]=""0""",,,,,,
ldasr_13,lifetime_depression_assessment_self_report,,text,"13. About how much weight did you gain in those weeks? (kg)",,kg,number,,,,"[ldasr_12]=""0""",,,,,,
ldasr_14,lifetime_depression_assessment_self_report,,radio,"14. Did you have trouble sleeping almost every night, either trouble falling asleep, waking in the middle of the night, or waking up too early?","0,Yes|1,No",,,,,,"[ldasr_3]=""0"" or [ldasr_4]=""0""",,,,,,
ldasr_15,lifetime_depression_assessment_self_report,,radio,"15. Did you wake up at least two hours before you wanted to, every day for at least two weeks?","0,Yes|1,No",,,,,,"[ldasr_14]=""0""",,,,,,
ldasr_16,lifetime_depression_assessment_self_report,,radio,"16. Were you sleeping too much almost every day?","0,Yes|1,No",,,,,,"[ldasr_3]=""0"" or [ldasr_4]=""0""",,,,,,
ldasr_17,lifetime_depression_assessment_self_report,,radio,"17. Did you talk or move more slowly than is normal for you almost every day, in a way that other people have noticed?","0,Yes, I talked or moved more slowly and other people did notice|1,Yes, I talked or moved more slowly but other people did not notice|2,No",,,,,,"[ldasr_3]=""0"" or [ldasr_4]=""0""",,,,,,
ldasr_18,lifetime_depression_assessment_self_report,,radio,"18. Did you have to be moving all the time, that is, you could not sit still and paced up and down or couldn't keep your hands still when sitting, in a way that other people noticed?","0,Yes, I had to be moving all the time and other people did notice|1,Yes, I had to be moving all the time but other people did not notice|2,No",,,,,,"[ldasr_3]=""0"" or [ldasr_4]=""0""",,,,,,
ldasr_19,lifetime_depression_assessment_self_report,,radio,"19. During this period of two weeks, did you have a lot more trouble concentrating than usual?","0,Yes|1,No",,,,,,"[ldasr_3]=""0"" or [ldasr_4]=""0""",,,,,,
ldasr_20,lifetime_depression_assessment_self_report,,radio,"20. During this period, were you able to make up your mind about things you ordinarily had no trouble deciding about?","0,Yes|1,No",,,,,,"[ldasr_3]=""0"" or [ldasr_4]=""0""",,,,,,
ldasr_21,lifetime_depression_assessment_self_report,,radio,"21. People sometimes feel down on themselves, no good, or worthless. During this period of two weeks, did you feel guilty or worthless?","0,Yes|1,No",,,,,,"[ldasr_3]=""0"" or [ldasr_4]=""0""",,,,,,
ldasr_22,lifetime_depression_assessment_self_report,,radio,"22. During this period of two weeks, did you think a lot about death - either your own, someone else's, or death in general?","0,Yes|1,No",,,,,,"[ldasr_3]=""0"" or [ldasr_4]=""0""",,,,,,
ldasr_23,lifetime_depression_assessment_self_report,"For the next question, please think about the periods of at least two weeks in your life when you when you felt sad, empty or depressed or lost interest in things.",radio,"23. Did any period lasting two weeks or longer seriously interfere with your ability to do your job, take care of your house or family, or take care of yourself?","0,Yes|1,No",,,,,,"[ldasr_3]=""0"" or [ldasr_4]=""0""",,,,,,
ldasr_24,lifetime_depression_assessment_self_report,,text,"24. About how long did the longest period like this last? You may give an estimate. (weeks)",,weeks,integer,,,,"[ldasr_23]=""0""",,,,,,
ldasr_25,lifetime_depression_assessment_self_report,,radio,"25. How many periods like this did you have in your life?","0,1|1,2 or more",,,,,,"[ldasr_23]=""0""",,,,,,
ldasr_26,lifetime_depression_assessment_self_report,,radio,"26. Did you have a period like this in the last 12 months?","0,Yes|1,No",,,,,,"[ldasr_23]=""0""",,,,,,
ldasr_27,lifetime_depression_assessment_self_report,,text,"27. About how old were you the first time you had a period like this? (whether or not you received any help for it) (weeks)",,,integer,,,,"[ldasr_23]=""0""",,,,,,
ldasr_28,lifetime_depression_assessment_self_report,,radio,"28. Did you ever tell a professional about these problems (for example a medical doctor, psychologist, social worker, nurse, or other helping professional)?","0,Yes|1,No",,,,,,"[ldasr_23]=""0""",,,,,,
ldasr_29,lifetime_depression_assessment_self_report,,radio,"29. Have you ever had contact with a social service organisation for problems that you had that were not related to your physical health? (for example a mental health institute, psychologist, or social work)","0,Yes|1,Yes in the past, not anymore|2,No",,,,,,,,,,,,
ldasr_30,lifetime_depression_assessment_self_report,,radio,"30. Please tick the disorders that you have ever been diagnosed with by a professional or medical doctor. You can tick more than one answer.","0,Depression|1,Bipolar disorder|2,Schizophrenia or psychosis|3,Eating disorder|4,Anxiety disorder|5,Panic disorder|6,Obsessive compulsive disorder|7,Post-traumatic stress disorder|8,Phobia|9,ADD/ADHD|10,Alcohol addiction|11,Drug addiction|12,Other|13,None",,,,,,,,,,,,
ldasr_30a,lifetime_depression_assessment_self_report,,text,"If you ever have been diagnosed any other disorder by a professional or medical doctor, please specify",,,,,,,"[ldasr_30]=""12""",,,,,,
ldasr_31,lifetime_depression_assessment_self_report,,radio,"31. Please tick the disorders that you have ever received treatment for by a professional or medical doctor. You can tick more than one answer.","0,Depression|1,Bipolar disorder|2,Schizophrenia or psychosis|3,Eating disorder|4,Anxiety disorder|5,Panic disorder|6,Obsessive compulsive disorder|7,Post-traumatic stress disorder|8,Phobia|9,ADD/ADHD|10,Alcohol addiction|11,Drug addiction|12,Other|13,None",,,,,,"[ldasr_30]<>""13""",,,,,,
ldasr_31a,lifetime_depression_assessment_self_report,,text,"If you ever have been treated for any other disorder by a professional or medical doctor, please specify",,,,,,,"[ldasr_31]=""12""",,,,,,
ldasr_32,lifetime_depression_assessment_self_report,,radio,"32. Did you ever have the following treatments? You can tick multiple answers.","0,Antidepressants|1,Psychotherapy (for example cognitive behavioural therapy, interpersonal therapy or other consults with a psychologist or psychotherapist)|2,Online help program or e-health intervention|3,Running therapy or physical activity|4,Light therapy|5,Hospitalization in psychiatric hospital|6,Electroconvulsive therapy (ECT)|7,Other|8,None of these treatments",,,,,,,,,,,,
ldasr_32a,lifetime_depression_assessment_self_report,,text,"If you ever had any other treatment, please specify",,,,,,,"[ldasr_32]=""7""",,,,,,
ldasr_33,lifetime_depression_assessment_self_report,,text,"33. What is your height in cm? Please round your answer to the nearest whole number.",,cm,integer,,,,,,,,,,
ldasr_34,lifetime_depression_assessment_self_report,,text,"34. What is your weight in kg? Please round your answer to the nearest whole number.",,kg,integer,,,,,,,,,,
own_smartphone,technology_usage,,radio,"1. Do you currently own a smartphone?","0,No|1,Yes",,,,,,,,,,,,
smartphone_type,technology_usage,,radio,"2. If yes, what kind of smartphone do you own?","0,Android|1,iPhone",,,,,,"[own_smartphone]=""1""",,,,,,
android_model,technology_usage,,text,"2a. If Android smartphone, please specify make/model",,,,,,,"[smartphone_type]=""0""",,,,,,
phone_contract,technology_usage,,text,"3. Who is your current contract mobile phone with?",,,,,,,,,,,,,
phone_data_allowance,technology_usage,,text,"4. What is your monthly call, text and data allowance?",,,,,,,,,,,,,
phone_contract_expiration,technology_usage,,text,"5. When is your mobile phone contract due to expire?",,,date_dmy,,,,,,,,,,
no_smartphone,technology_usage,,radio,"6. If you do not own a smartphone, would you be willing to use a smartphone for the purposes of this research study?","0,No|1,Yes",,,,,,"[own_smartphone]=""0""",,,,,,
fitness_tracker_used,technology_usage,,radio,"7. Have you ever used a wearable fitness tracker before?","0,No|1,Yes",,,,,,,,,,,,
fitness_tracker_time_used,technology_usage,,text,"8. How long did you use a wearable fitness tracker for?",,,,,,,"[fitness_tracker_used]=""1""",,,,,,
fitness_tracker_using,technology_usage,,radio,"9. Are you still using a wearable fitness tracker?","0,No|1,Yes",,,,,,"[fitness_tracker_used]=""1""",,,,,,
fitness_tracker_stopped,technology_usage,,text,"10. If no, why did you stop using a wearable fitness tracker?",,,,,,,"[fitness_tracker_used]=""1"" and [fitness_tracker_using]=""0""",,,,,,
fitness_tracker_st_time,technology_usage,,text,"11. How long ago did you stop using your wearable fitness tracker?",,,,,,,"[fitness_tracker_used]=""1"" and [fitness_tracker_using]=""0""",,,,,,
wearable_at_job,technology_usage,,radio,"12. Do you have a job that would prevent you from using a wrist-worn wearble during working hours?","0,No|1,Yes",,,,,,,,,,,,
mobile_phone_at_job,technology_usage,,radio,"13. Do you have a job that prevents you from using a mobile phone for long periods of time?","0,No|1,Yes",,,,,,,,,,,,
sap_1,standardised_assessment_of_personality,"Please tick a response if you think the description applies most of the time and in most situations.",radio,"1. In general, do you have difficulty making and keeping friends?","0,No|1,Yes",,,,,,,,,,,,
sap_2,standardised_assessment_of_personality,,radio,"2. Would you normally describe yourself as a loner?","0,No|1,Yes",,,,,,,,,,,,
sap_3,standardised_assessment_of_personality,,radio,"3. In general, do you trust other people?","0,No|1,Yes",,,,,,,,,,,,
sap_4,standardised_assessment_of_personality,,radio,"4. Do you lose your temper easily?","0,No|1,Yes",,,,,,,,,,,,
sap_5,standardised_assessment_of_personality,,radio,"5. Are you normally an impulsive sort of person?","0,No|1,Yes",,,,,,,,,,,,
sap_6,standardised_assessment_of_personality,,radio,"6. Are you normally a worrier?","0,No|1,Yes",,,,,,,,,,,,
sap_7,standardised_assessment_of_personality,,radio,"7. In general, do you depend on others a lot?","0,No|1,Yes",,,,,,,,,,,,
sap_8,standardised_assessment_of_personality,,radio,"8. In general, are you a perfectionist?","0,No|1,Yes",,,,,,,,,,,,
pssuq_1,pssuq,,radio,"1. Overall, I am satisfied with how easy it is to use this system.","1,Strongly agree 1|2,2|3,3|4,4|5,5|6,6|7,7 Strongly disagree",,,,,,,,RH,,,,
pssuq_1_c,pssuq,,text,Comments:,,,,,,,,,,,,,
pssuq_2,pssuq,,radio,"2. It was simple to use this system.","1,Strongly agree 1|2,2|3,3|4,4|5,5|6,6|7,7 Strongly disagree",,,,,,,,RH,,,,
pssuq_2_c,pssuq,,text,Comments:,,,,,,,,,,,,,
pssuq_3,pssuq,,radio,"3. I could only effectively complete the tasks and scenarios using this system","1,Strongly agree 1|2,2|3,3|4,4|5,5|6,6|7,7 Strongly disagree",,,,,,,,RH,,,,
pssuq_3_c,pssuq,,text,Comments:,,,,,,,,,,,,,
pssuq_4,pssuq,,radio,"4. I was able to complete the tasks quickly using this system.","1,Strongly agree 1|2,2|3,3|4,4|5,5|6,6|7,7 Strongly disagree",,,,,,,,RH,,,,
pssuq_4_c,pssuq,,text,Comments:,,,,,,,,,,,,,
pssuq_5,pssuq,,radio,"5. I was able to efficiently complete the tasks using this system.","1,Strongly agree 1|2,2|3,3|4,4|5,5|6,6|7,7 Strongly disagree",,,,,,,,RH,,,,
pssuq_5_c,pssuq,,text,Comments:,,,,,,,,,,,,,
pssuq_6,pssuq,,radio,"6. I felt comfortable using this system.","1,Strongly agree 1|2,2|3,3|4,4|5,5|6,6|7,7 Strongly disagree",,,,,,,,RH,,,,
pssuq_6_c,pssuq,,text,Comments:,,,,,,,,,,,,,
pssuq_7,pssuq,,radio,"7. It was easy to learn how to use this system.","1,Strongly agree 1|2,2|3,3|4,4|5,5|6,6|7,7 Strongly disagree",,,,,,,,RH,,,,
pssuq_7_c,pssuq,,text,Comments:,,,,,,,,,,,,,
pssuq_8,pssuq,,radio,"8. I believe I could become productive quickly using this system.","1,Strongly agree 1|2,2|3,3|4,4|5,5|6,6|7,7 Strongly disagree",,,,,,,,RH,,,,
pssuq_8_c,pssuq,,text,Comments:,,,,,,,,,,,,,
pssuq_9,pssuq,,radio,"9. The system gave error messages that clearly told me how to fix problems.","1,Strongly agree 1|2,2|3,3|4,4|5,5|6,6|7,7 Strongly disagree",,,,,,,,RH,,,,
pssuq_9_c,pssuq,,text,Comments:,,,,,,,,,,,,,
pssuq_10,pssuq,,radio,"10. Whenever I made a mistake using the system, I could recover easily and quickly.","1,Strongly agree 1|2,2|3,3|4,4|5,5|6,6|7,7 Strongly disagree",,,,,,,,RH,,,,
pssuq_10_c,pssuq,,text,Comments:,,,,,,,,,,,,,
pssuq_11,pssuq,,radio,"11. The information (such as on-screen messages and other documentation) provided with this system were clear.","1,Strongly agree 1|2,2|3,3|4,4|5,5|6,6|7,7 Strongly disagree",,,,,,,,RH,,,,
pssuq_11_c,pssuq,,text,Comments:,,,,,,,,,,,,,
pssuq_12,pssuq,,radio,"12. It was easy to find the information I needed.","1,Strongly agree 1|2,2|3,3|4,4|5,5|6,6|7,7 Strongly disagree",,,,,,,,RH,,,,
pssuq_12_c,pssuq,,text,Comments:,,,,,,,,,,,,,
pssuq_13,pssuq,,radio,"13. The information provided for the system was easy to understand.","1,Strongly agree 1|2,2|3,3|4,4|5,5|6,6|7,7 Strongly disagree",,,,,,,,RH,,,,
pssuq_13_c,pssuq,,text,Comments:,,,,,,,,,,,,,
pssuq_14,pssuq,,radio,"14. The information was effective in helping me to complete the tasks.","1,Strongly agree 1|2,2|3,3|4,4|5,5|6,6|7,7 Strongly disagree",,,,,,,,RH,,,,
pssuq_14_c,pssuq,,text,Comments:,,,,,,,,,,,,,
pssuq_15,pssuq,,radio,"15. The organisation of the information on the system screens was clear.","1,Strongly agree 1|2,2|3,3|4,4|5,5|6,6|7,7 Strongly disagree",,,,,,,,RH,,,,
pssuq_15_c,pssuq,,text,Comments:,,,,,,,,,,,,,
pssuq_16,pssuq,,radio,"16. The interface of this system was pleasant.","1,Strongly agree 1|2,2|3,3|4,4|5,5|6,6|7,7 Strongly disagree",,,,,,,,RH,,,,
pssuq_16_c,pssuq,,text,Comments:,,,,,,,,,,,,,
pssuq_17,pssuq,,radio,"17. I liked using the interface of this system.","1,Strongly agree 1|2,2|3,3|4,4|5,5|6,6|7,7 Strongly disagree",,,,,,,,RH,,,,
pssuq_17_c,pssuq,,text,Comments:,,,,,,,,,,,,,
pssuq_18,pssuq,,radio,"18. This system has all the functions and capabilities I expect it to have.","1,Strongly agree 1|2,2|3,3|4,4|5,5|6,6|7,7 Strongly disagree",,,,,,,,RH,,,,
pssuq_18_c,pssuq,,text,Comments:,,,,,,,,,,,,,
pssuq_19,pssuq,,radio,"19. Overall, I am satisfied with this system.","1,Strongly agree 1|2,2|3,3|4,4|5,5|6,6|7,7 Strongly disagree",,,,,,,,RH,,,,
pssuq_19_c,pssuq,,text,Comments:,,,,,,,,,,,,,
tam_usefulness_1,technology_assessment_measurement_fast_form,"Perceived Usefulness.",radio,"Overall, I feel the RADAR-CNS system is:","0,Efficient 0|1,1|2,2|3,3|4,4|5,5|6,6|7,7 Inefficient",,,,,,,,RH,,,,
tam_usefulness_2,technology_assessment_measurement_fast_form,,radio,"Overall, I feel the RADAR-CNS system is:","0,Performance enhancing 0|1,1|2,2|3,3|4,4|5,5|6,6|7,7  Performance degrading",,,,,,,,RH,,,,
tam_usefulness_3,technology_assessment_measurement_fast_form,,radio,"Overall, I feel the RADAR-CNS system is:","0,Productivity increasing 0|1,1|2,2|3,3|4,4|5,5|6,6|7,7  Productivity decreasing",,,,,,,,RH,,,,
tam_usefulness_4,technology_assessment_measurement_fast_form,,radio,"Overall, I feel the RADAR-CNS system is:","0,Effective 0|1,1|2,2|3,3|4,4|5,5|6,6|7,7  Ineffective",,,,,,,,RH,,,,
tam_usefulness_5,technology_assessment_measurement_fast_form,,radio,"Overall, I feel the RADAR-CNS system is:","0,Helpful 0|1,1|2,2|3,3|4,4|5,5|6,6|7,7  Unhelpful",,,,,,,,RH,,,,
tam_usefulness_6,technology_assessment_measurement_fast_form,,radio,"Overall, I feel the RADAR-CNS system is:","0,Useful 0|1,1|2,2|3,3|4,4|5,5|6,6|7,7  Useless",,,,,,,,RH,,,,
tam_ease_of_use_1,technology_assessment_measurement_fast_form,"Perceived Ease of Use.",radio,"Overall, I feel the RADAR-CNS system is:","0,Easy to learn 0|1,1|2,2|3,3|4,4|5,5|6,6|7,7  Difficult to learn",,,,,,,,RH,,,,
tam_ease_of_use_2,technology_assessment_measurement_fast_form,,radio,"Overall, I feel the RADAR-CNS system is:","0,Easy to 0|1,1|2,2|3,3|4,4|5,5|6,6|7,7  Difficult to manipulate manipulate",,,,,,,,RH,,,,
tam_ease_of_use_3,technology_assessment_measurement_fast_form,,radio,"Overall, I feel the RADAR-CNS system is:","0,Clear to 0|1,1|2,2|3,3|4,4|5,5|6,6|7,7  Obscure to interact with interact with",,,,,,,,RH,,,,
tam_ease_of_use_4,technology_assessment_measurement_fast_form,,radio,"Overall, I feel the RADAR-CNS system is:","0,Flexible to 0|1,1|2,2|3,3|4,4|5,5|6,6|7,7  Rigid to interact with interact with",,,,,,,,RH,,,,
tam_ease_of_use_5,technology_assessment_measurement_fast_form,,radio,"Overall, I feel the RADAR-CNS system is:","0,Easy to 0|1,1|2,2|3,3|4,4|5,5|6,6|7,7  Difficult to master master",,,,,,,,RH,,,,
tam_ease_of_use_6,technology_assessment_measurement_fast_form,,radio,"Overall, I feel the RADAR-CNS system is:","0,Usable 0|1,1|2,2|3,3|4,4|5,5|6,6|7,7  Cumbersome",,,,,,,,RH,,,,
tam_usage_1,technology_assessment_measurement_fast_form,"Predicted Usage. For the following questions, please indicate the extent to which you agree with the following statements:",radio,"1. If a choice of health monitoring platform was up to me, it would likely be RADAR-CNS.","0,Agree 0|1,1|2,2|3,3|4,4|5,5|6,6|7,7  Disagree",,,,,,,,RH,,,,
tam_usage_2,technology_assessment_measurement_fast_form,,radio,"2. If I need to monitor my health and the choice was up to me, I would expect to use RADAR-CNS.","0,Agree 0|1,1|2,2|3,3|4,4|5,5|6,6|7,7  Disagree",,,,,,,,RH,,,,
tam_usage_3,technology_assessment_measurement_fast_form,,radio,"3. If asked, I would likely recommend RADAR-CNS as a health monitoring platform.","0,Agree 0|1,1|2,2|3,3|4,4|5,5|6,6|7,7  Disagree",,,,,,,,RH,,,,
tam_usage_4,technology_assessment_measurement_fast_form,,radio,"4. For future health monitoring tasks that are totally within my control, I would probably use RADAR-CNS as a platform.","0,Agree 0|1,1|2,2|3,3|4,4|5,5|6,6|7,7  Disagree",,,,,,,,RH,,,,
ids_1,ids_sr,"Please indicate the one response to each item that best describes you for the past seven days. ",radio,"1. Falling asleep ","0,I never take longer than 30 minutes to fall asleep|1,I take at least 30 minutes to fall asleep, less than half the time|2,I take at least 30 minutes to fall asleep, more than half the time|3,I take more than 60 minutes to fall asleep, more than half the time",,,,,,,,,,,,
ids_2,ids_sr,,radio,"2. Sleep during the night","0,I do not wake up at night|1,I have a restless, light sleep with a few brief awakenings each night|2,I wake up at least once a night, but I go back to sleep easily|3,I awaken more than once a night and stay awake for 20 minutes or more, more than half the time",,,,,,,,,,,,
ids_3,ids_sr,,radio,"3. Waking up too early","0,Most of the time, I awaken no more than 30 minutes before I need to get up|1,More than half the time, I awaken more than 30 minutes before I need to get up|2,I almost always awaken at least one hour or so before I need to, but I go back to sleep eventually|3,I awaken at least one hour before I need to, and can not go back to sleep",,,,,,,,,,,,
ids_4,ids_sr,,radio,"4. Sleeping too much","0,I sleep no longer than 7-8 hours per night without napping during the day|1,I sleep no longer than 10 hours in a 24 hour period, including naps|2,I sleep no longer than 12 hours in a 24-hour period, including naps|3,I sleep longer than 12 hours in a 24-hour period, including naps",,,,,,,,,,,,
ids_5,ids_sr,,radio,"5. Feeling sad","0,I do not feel sad|1,I feel sad less than half the time|2,I feel sad more than half the time|3,I feel sad nearly all of the time",,,,,,,,,,,,
ids_6,ids_sr,,radio,"6. Feeling irritable","0,I do not feel irritable|1,I feel irritable less than half the time|2,I feel irritable more than half the time|3,I feel extremely irritable nearly all of the time",,,,,,,,,,,,
ids_7,ids_sr,,radio,"7. Feeling anxious or tense","0,I do not feel anxious or tense|1,I feel anxious (tense) less than half the time|2,I feel anxious (tense) more than half the time|3,I feel extremely anxious (tense) nearly all of the time",,,,,,,,,,,,
ids_8,ids_sr,,radio,"8. Response of your mood to good or desired events","0,My mood brightens to a normal level which lasts for several hours when good events occur|1,My mood brightens but I do not feel like my normal self when good events occur|2,My mood brightens only somewhat to a rather limited range of desired events|3,My mood does not brighten at all, even when very good or desired events occur in my life",,,,,,,,,,,,
ids_9,ids_sr,,radio,"9. Your mood in relation to time of day","0,There is no regular relationship between my mood and the time of day|1,My mood often relates to the time of day because of environmental events (e.g., being alone, working)|2,In general, my mood is more related to the time of day than to environmental events|3,My mood is clearly and predictably better or worse at a particular time each day",,,,,,,,,,,,
ids_9a,ids_sr,,radio,"9a. Is your mood typically worse in the morning, afternoon or night?",morning|afternoon|night,,,,,,,,,,,,
ids_9b,ids_sr,,radio,"9b. Is your mood variation attributed to the environment?","0,No|1,Yes",,,,,,,,,,,,
ids_10,ids_sr,,radio,"10. The quality of your mood","0,The mood (internal feelings) that I experience is very much a normal mood|1,My mood is sad, but this sadness is pretty much like the sad mood I would feel if someone close to me died or left|2,My mood is sad, but this sadness has a rather different quality to it than the sadness I would feel if someone close to me died or left|3,My mood is sad, but this sadness is different from the type of sadness associated with grief or loss",,,,,,,,,,,,
ids_11,ids_sr,"Please indicate the one response to each item that best describes you for the past seven days.Please complete 11 or 12 (not both)",radio,"11. Decreased appetite","0,There is no change in my usual appetite|1,I eat somewhat less often or lesser amounts of food than usual|2,I eat much less than usual and only with personal effort|3,I rarely eat within a 24-hour period, and only with extreme personal effort or when others persuade me to eat","Please fill out either question 11 or 12, not both.",,,,,,,,,,,
ids_12,ids_sr,,radio,"12. Increased appetite","0,There is no change in my usual appetite|1,I feel a need to eat more frequently than usual|2,I regularly eat more often and/or greater amounts of food than usual|3,I feel driven to overeat both at mealtime and between meals","Please fill out either question 11 or 12, not both.",,,,,,,,,,,
ids_13,ids_sr,"Please indicate the one response to each item that best describes you for the past seven days.Please complete 13 or 14 (not both)",radio,"13. Within the last two weeks","0,I have not had a change in my weight|1,I feel as if I've had a slight weight loss|2,I have lost 2 pounds (1 kg) or more|3,I have lost 5 pounds (2.5 kg) or more","Please fill out either question 13 or 14, not both.",,,,,,,,,,,
ids_14,ids_sr,,radio,"14. Within the last two weeks","0,I have not had a change in my weight|1,I feel as if I've had a slight weight gain|2,I have gained 2 pounds (1kg) or more|3,I have gained 5 pounds (2.5 kg) or more","Please fill out either question 13 or 14, not both.",,,,,,,,,,,
ids_15,ids_sr,"Please indicate the one response to each item that best describes you for the past seven days. ",radio,"15. Concentration/decision making","0,There is no change in my usual capacity to concentrate or make decisions|1,I occasionally feel indecisive or find that my attention wanders|2,Most of the time, I struggle to focus my attention or to make decisions|3,I cannot concentrate well enough to read or cannot make even minor decisions",,,,,,,,,,,,
ids_16,ids_sr,,radio,"16. View of myself","0,I see myself as equally worthwhile and deserving as other people|1,I am more self-blaming than usual|2,I largely believe that I cause problems for others|3,I think almost constantly about major and minor defects in myself",,,,,,,,,,,,
ids_17,ids_sr,,radio,"17. View of my future","0,I have an optimistic view of my future|1,I am occasionally pessimistic about my future, but for the most part I believe things will get better|2,I am pretty certain that my immediate future (1-2 months) does not hold much promise of good things for me|3,I see no hope of anything good happening to me anytime in the future",,,,,,,,,,,,
ids_18,ids_sr,,radio,"18. Thoughts of death or suicide","0,I do not think of suicide or death|1,I feel that life is empty or wonder if it is worth living|2,I think of suicide or death several times a week for several minutes|3,I think of suicide or death several times a day in some detail, or I have made specific plans for suicide or have actually tried to take my life",,,,,,,,,,,,
ids_19,ids_sr,,radio,"19. General interest","0,There is no change from usual in how interested I am in other people or activities|1,I notice that I am less interested in people or activities|2,I find I have interest in only one or two of my formerly pursued activities|3,I have virtually no interest in formerly pursued activities",,,,,,,,,,,,
ids_20,ids_sr,,radio,"20. Energy level","0,There is no change in my usual level of energy|1,I get tired more easily than usual|2,I have to make a big effort to start or finish my usual daily activities (e.g,shopping, homework, cooking or going to work)|3,I really cannot carry our most of my usual daily activities because I just do not have the energy",,,,,,,,,,,,
ids_21,ids_sr,,radio,"21. Capacity for pleasure or enjoyment (excluding sex)","0,I enjoy pleasurable activities just as much as usual|1,I do not feel my usual sense of enjoyment from pleasurable activities|2,I rarely get a feeling of pleasure from any activity|3,I am unable to get pleasure or enjoyment from anything",,,,,,,,,,,,
ids_22,ids_sr,,radio,"22. Interest in sex (please rate interest not activity)","0,I am just as interested in sex as usual|1,My interest in sex is somewhat less than usual or I do not get the same pleasure from sex as I used to|2,I have little desire for or rarely derive pleasure from sex|3,I have absolutely no interest in or derive no pleasure from sex",,,,,,,,,,,,
ids_23,ids_sr,,radio,"23. Feeling slowed down","0,I think, speak, and move at my usual rate of speed|1,I find that my thinking is slowed down or my voice sounds dull or flat|2,It takes me several seconds to respond to most questions and I am sure my thinking is slowed|3,I am often unable to respond to questions without extreme effort",,,,,,,,,,,,
ids_24,ids_sr,,radio,"24. Feeling restless","0,I do not feel restless|1,I am often fidgety, wring my hands, or need to shift how I'm sitting|2,I have impulses to move about and am quite restless|3,At times, I am unable to stay seated and need to pace around",,,,,,,,,,,,
ids_25,ids_sr,,radio,"25. Aches and pains","0,I do not have any feeling of heaviness in my arms or legs and I do not have any aches or pains|1,Sometimes I get headaches or pains in my stomach, back or joints but these pains are only sometimes|2,It takes me several seconds to respond to most questions and I am sure my thinking is slowed|3,I am often unable to respond to questions without extreme effort",,,,,,,,,,,,
ids_26,ids_sr,,radio,"26. Other bodily symptoms","0,I do not have any of these symptoms: heart pounding fast, blurred vision, sweating, hot and cold flashes, chest pain, heart turning over in my chest, ringing in my ears, or shaking|1,I have some of these symptoms but they are mild and are present only sometimes|2,I have several of these symptoms and they bother me quite a lot|3,I have several of these symptoms and when they occur I have to stop doing whatever I am doing",,,,,,,,,,,,
ids_27,ids_sr,,radio,"27. Panic/phobic symptoms","0,I have no spells of panic of specific fears (phobia) (such as animals of heights)|1,I have mild panic episodes or fears that do not usually change my behaviour or stop me from functioning|2,I have significant panic episodes or fears that force me to change my behaviour but do not stop me from functioning|3,I have panic episodes at least once a week or severe fears that stop me from carrying on my daily activities",,,,,,,,,,,,
ids_28,ids_sr,,radio,"28. Constipation/diarrhoea","0,There is no change in my usual bowel habits|1,I have intermittent constipation or diarrhoea which is mild|2,I have intermittent constipation or diarrhoea most of the time but it does not interfere with my day-to-day functioning|3,I have constipation or diarrhoea for which I take medicating or which interferes with my day-to-day activities",,,,,,,,,,,,
ids_29,ids_sr,,radio,"29. Interpersonal sensitivity","0,I have not felt easily rejected, slighted, criticised or hurt by others at all|1,I have occasionally felt rejected, slighted, criticised or hurt by others|2,I have often felt rejected, slighted, criticised or hurt by others, but these feelings have only had slight effects on my relationships or work|3,I have often felt rejected, slighted, criticised or hurt by others and these feelings have impaired my relationships and work",,,,,,,,,,,,
ids_30,ids_sr,,radio,"30. Leaded paralysis/physical energy. ","0,I have not experiences the physical sensation of feeling weighted down and without physical energy|1,I have occasionally experienced periods of feeling physically weighted down and without physical energy, but without a negative effect on work, school, or activity level|2,I feel physically weighted down (without physical energy) more than half the time|3,I feel physically weighted down (without physical energy) most of the time, several hours per day, several days per week",,,,,,,,,,,,
cidi_1,cidi_sf,"These questions are about periods of sadness or depression you might have experienced since your last assessment.",radio,"1. Since your last assessment, has there been a period when you felt sad, empty or depressed for two weeks or longer?","0,Yes|1,No",,,,,,,,,,,,
cidi_2,cidi_sf,,radio,"2. Think about a period of two weeks since your last assessment when feeling sad, empty or depressed was worst. During this period of two weeks, how often did you feel this way?","0,Almost every day, most of the day|1,Less often",,,,,,"[cidi_1]=""0""",,,,,,
cidi_3,cidi_sf,,radio,"3. Since your last assessment, has there been a period lasting two weeks or more when you lost interest in most things like hobbies, work, or activities that usually give you pleasure?","0,Yes|1,No",,,,,,"[cidi_2]=""1""",,,,,,
cidi_4,cidi_sf,,radio,"4. Think about the period of two weeks since your last assessment when your loss of interest was worst. During this period of two weeks, how often did you feel this way?","0,Almost every day, most of the day|1,Less often",,,,,,"[cidi_2]=""1"" and [cidi_3]=""0""",,,,,,
cidi_5,cidi_sf,,radio,"5. During the period that you felt sad, empty or depressed, did you ever have a period lasting two weeks or more when you lost interest in most things like hobbies, work, or activities that usually give you pleasure?","0,Yes|1,No",,,,,,"[cidi_2]=""0""",,,,,,
cidi_6,cidi_sf,,radio,"6. Think about the period of two weeks since your last assessment when your loss of interest was worst. During this period of two weeks, how often did you feel this way?","0,Almost every day, most of the day|1,Less often",,,,,,"[cidi_5]=""0""",,,,,,
cidi_7,cidi_sf,"People who have periods in which they feel sad, empty or depressed or lose interest, often have other problems at the same time. During this period of at least two weeks since your last assessment when you felt sad, empty or depressed or lost interest in things:",radio,"7. Did you lack energy or feel tired more than usual?","0,Yes|1,No",,,,,,"[cidi_4]=""0"" or [cidi_5]=""1""",,,,,,
cidi_8,cidi_sf,,radio,"8. Did you have less appetite than usual almost every day?","0,Yes|1,No",,,,,,"[cidi_3]=""0"" or [cidi_4]=""0""",,,,,,
cidi_9,cidi_sf,,radio,"9. Did you lose weight without trying to, as much as a kilo a week for several weeks?","0,Yes|1,No",,,,,,"[cidi_3]=""0"" or [cidi_4]=""0""",,,,,,
cidi_10,cidi_sf,,text,"10. About how much weight did you lose in those weeks? (kg)",,kg,number,,,,"[cidi_9]=""0""",,,,,,
cidi_11,cidi_sf,"During this period of at least two weeks since your last assessment when you felt sad, empty or depressed or lost interest in things:",radio,"11. Did you have a much larger appetite than usual almost every day for two weeks or more?","0,Yes|1,Yes but only because of a pregnancy of growth spurt|2,No",,,,,,"[cidi_3]=""0"" or [cidi_4]=""0""",,,,,,
cidi_12,cidi_sf,,radio,"12. Did your eating increase so much that you gained weight, as much as a kilo a week for several weeks?","0,Yes|1,No",,,,,,"[cidi_3]=""0"" or [cidi_4]=""0""",,,,,,
cidi_13,cidi_sf,,text,"13. About how much weight did you gain in those weeks? (kg)",,kg,number,,,,"[cidi_12]=""0""",,,,,,
cidi_14,cidi_sf,,radio,"14. Did you have trouble sleeping almost every night, either trouble falling asleep, waking in the middle of the night, or waking up too early?","0,Yes|1,No",,,,,,"[cidi_3]=""0"" or [cidi_4]=""0""",,,,,,
cidi_15,cidi_sf,,radio,"15. Did you wake up at least two hours before you wanted to, every day for at least two weeks?","0,Yes|1,No",,,,,,"[cidi_14]=""0""",,,,,,
cidi_16,cidi_sf,,radio,"16. Were you sleeping too much almost every day?","0,Yes|1,No",,,,,,"[cidi_3]=""0"" or [cidi_4]=""0""",,,,,,
cidi_17,cidi_sf,,radio,"17. Did you talk or move more slowly than is normal for you almost every day, in a way that other people have noticed?","0,Yes, I talked or moved more slowly and other people did notice|1,Yes, I talked or moved more slowly but other people did not notice|2,No",,,,,,"[cidi_3]=""0"" or [cidi_4]=""0""",,,,,,
cidi_18,cidi_sf,,radio,"18. Did you have to be moving all the time, that is, you could not sit still and paced up and down or couldn't keep your hands still when sitting, in a way that other people noticed?","0,Yes, I had to be moving all the time and other people did notice|1,Yes, I had to be moving all the time but other people did not notice|2,No",,,,,,"[cidi_3]=""0"" or [cidi_4]=""0""",,,,,,
cidi_19,cidi_sf,,radio,"19. During this period of two weeks, did you have a lot more trouble concentrating than usual?","0,Yes|1,No",,,,,,"[cidi_3]=""0"" or [cidi_4]=""0""",,,,,,
cidi_20,cidi_sf,,radio,"20. During this period, were you able to make up your mind about things you ordinarily had no trouble deciding about?","0,Yes|1,No",,,,,,"[cidi_3]=""0"" or [cidi_4]=""0""",,,,,,
cidi_21,cidi_sf,,radio,"21. People sometimes feel down on themselves, no good, or worthless. During this period of two weeks, did you feel guilty or worthless?","0,Yes|1,No",,,,,,"[cidi_3]=""0"" or [cidi_4]=""0""",,,,,,
cidi_22,cidi_sf,,radio,"22. During this period of two weeks, did you think a lot about death - either your own, someone else's, or death in general?","0,Yes|1,No",,,,,,"[cidi_3]=""0"" or [cidi_4]=""0""",,,,,,
cidi_23,cidi_sf,"For the next question, please think about the periods of at last two weeks since your last assessment when you felt sad, empty or depressed or lost interest in things.",radio,"23. Did any period lasting two weeks or longer seriously interfere with your ability to do your job, take care of your house or family, or take care of yourself?","0,Yes|1,No",,,,,,"[cidi_3]=""0"" or [cidi_4]=""0""",,,,,,
cidi_24,cidi_sf,,text,"24. About how long did this period last? (In weeks, you may give an estimate). ",,,integer,,,,"[cidi_3]=""0"" or [cidi_4]=""0""",,,,,,
cidi_25,cidi_sf,,radio,"25. Did you tell a professional about these problems (for example a medical doctor, psychologist, social worker, nurse, or other helping professional)?","0,Yes|1,No",weeks,,,,,,,,,,,
cidi_26,cidi_sf,"Since your last assessment",radio,"26. Have you ever had contact with a social service organisation for problems that you had that were not related to your physical health? (for example a mental health institute, psychologist, or social work)","0,Yes|1,No",,,,,,,,,,,,
cidi_27,cidi_sf,,checkbox,"27. Have you been diagnosed with by a professional or medical doctor as having one of the following? You can tick more than one answer.","0,Depression|1,Bipolar disorder|2,Schizophrenia or psychosis|3,Eating disorder|4,Anxiety disorder|5,Panic disorder|6,Obsessive compulsive disorder|7,Post-traumatic stress disorder|8,Phobia|9,ADD/ADHD|10,Alcohol addiction|11,Drug addiction|12,Other|13,None",,,,,,,,,,,,
cidi_27a,cidi_sf,,text,"If, since your last assessment, you  have been diagnosed any other disorder by a professional or medical doctor, please specify",,,,,,,"[cidi_27]=""12""",,,,,,
cidi_28,cidi_sf,,checkbox,"28. Have you received treatment for by a professional or medical doctor for any of the following. You can tick more than one answer.","0,Depression|1,Bipolar disorder|2,Schizophrenia or psychosis|3,Eating disorder|4,Anxiety disorder|5,Panic disorder|6,Obsessive compulsive disorder|7,Post-traumatic stress disorder|8,Phobia|9,ADD/ADHD|10,Alcohol addiction|11,Drug addiction|12,Other|13,None",,,,,,"[cidi_27]<>""13""",,,,,,
cidi_28a,cidi_sf,,text,"If, since your last assessment, you have received treatment for any other disorder by a professional or medical doctor, please specify",,,,,,,"[cidi_28]=""12""",,,,,,
cidi_29,cidi_sf,,checkbox,"29. Have you received any of the following treatments. You can tick multiple answers.","0,Antidepressants|1,Psychotherapy (for example cognitive behavioural therapy, interpersonal therapy or other consults with a psychologist or psychotherapist)|2,Online help program or e-health intervention|3,Running therapy or physical activity|4,Light therapy|5,Hospitalization in psychiatric hospital|6,Electroconvulsive therapy (ECT)|7,Other|8,None of these treatments",,,,,,,,,,,,
cidi_29a,cidi_sf,,text,"If, since your last assessment, you had any other treatment, please specify",,,,,,,"[cidi_29]=""7""",,,,,,
cidi_30,cidi_sf,,text,"30. What is your weight in kg? (Please round your answer to the nearest whole number.)",,kg,integer,,,,,,,,,,
gad7_1,gad7,"Over the past two weeks, how often have you been bothered by any of the following problems ",radio,"1. Feeling nervous, anxious or on edge","0,Not at all|1,Several days|2,More than half the days|3,Nearly every day",,,,,,,,,,gad7,,
gad7_2,gad7,,radio,"2. Not being able to stop or control worrying","0,Not at all|1,Several days|2,More than half the days|3,Nearly every day",,,,,,,,,,gad7,,
gad7_3,gad7,,radio,"3. Worrying too much about different things","0,Not at all|1,Several days|2,More than half the days|3,Nearly every day",,,,,,,,,,gad7,,
gad7_4,gad7,,radio,"4. Trouble relaxing","0,Not at all|1,Several days|2,More than half the days|3,Nearly every day",,,,,,,,,,gad7,,
gad7_5,gad7,,radio,"5. Being so restless that it's hard to sit still","0,Not at all|1,Several days|2,More than half the days|3,Nearly every day",,,,,,,,,,gad7,,
gad7_6,gad7,,radio,"6. Becoming easily annoyed or irritable","0,Not at all|1,Several days|2,More than half the days|3,Nearly every day",,,,,,,,,,gad7,,
gad7_7,gad7,,radio,"7. Feeling afraid as if something awful might happen","0,Not at all|1,Several days|2,More than half the days|3,Nearly every day",,,,,,,,,,gad7,,
wsas_0,wsas,,radio,"Are you retired or do you choose not to have a job for reasons unrelated to your depression?","0,Yes|1,No",,,,,,,,,,,,
wsas_1,wsas,,radio,"1. Because of my depression, my ability to work is impaired.","0,Not at all 0|1,1|2,2|3,3|4,4|5,5|6,6|7,7|8,8  Very severely, to the point where cannot work",,,,,,,,RH,,,,
wsas_2,wsas,,radio,"2. Because of my depression, my home management (cleaning, tidying, shopping, cooking, looking after home or children, paying bills) is impaired.","0,Not at all 0|1,1|2,2|3,3|4,4|5,5|6,6|7,7|8,8  Very severely",,,,,,,,RH,,,,
wsas_3,wsas,,radio,"3. Because of my depression, my social leisure activities (with people, e.g. parties, bars, clubs, outings, visits, dating, home entertaining) are impaired.","0,Not at all 0|1,1|2,2|3,3|4,4|5,5|6,6|7,7|8,8  Very severely",,,,,,,,RH,,,,
wsas_4,wsas,,radio,"4. Because of my depression, my private leisure activities (done alone, such as reading, gardening, collecting, sewing, walking alone) are impaired.","0,Not at all 0|1,1|2,2|3,3|4,4|5,5|6,6|7,7|8,8  Very severely",,,,,,,,RH,,,,
wsas_5,wsas,,radio,"5. Because of my depression, my ability to form and maintain close relationships with others, including those I live with, is impaired.","0,Not at all 0|1,1|2,2|3,3|4,4|5,5|6,6|7,7|8,8  Very severely",,,,,,,,RH,,,,
bipq_1,bipq,"For the following questions, please mark the number that best corresponds to your views: ",radio,"1. How much does your depression affect your life?","0,No affect at all 0|1,1|2,2|3,3|4,4|5,5|6,6|7,7|8,8|9,9|10,10  Severely affects my life",,,,,,,,RH,,,,
bipq_2,bipq,,radio,"2. How long do you think your depression will continue?","0,A very short time 0|1,1|2,2|3,3|4,4|5,5|6,6|7,7|8,8|9,9|10,10 Forever",,,,,,,,RH,,,,
bipq_3,bipq,,radio,"3. How much control do you feel you have over your depression?","0,Absolutely no control 0|1,1|2,2|3,3|4,4|5,5|6,6|7,7|8,8|9,9|10,10 Extreme amount of control",,,,,,,,RH,,,,
bipq_4,bipq,,radio,"4. How much do you think your treatment can help your depression?","0,Not at all 0|1,1|2,2|3,3|4,4|5,5|6,6|7,7|8,8|9,9|10,10 Extremely helpful",,,,,,,,RH,,,,
bipq_5,bipq,,radio,"5. How much do you experience symptoms from your depression?","0,No symptoms at all 0|1,1|2,2|3,3|4,4|5,5|6,6|7,7|8,8|9,9|10,10 Many severe symptoms",,,,,,,,RH,,,,
bipq_6,bipq,,radio,"6. How concerned are you about your depression?","0,Not at all concerned 0|1,1|2,2|3,3|4,4|5,5|6,6|7,7|8,8|9,9|10,10 Extremely concerned",,,,,,,,RH,,,,
bipq_7,bipq,,radio,"7. How well do you feel you understand your depression?","0,Do not understand it at all 0|1,1|2,2|3,3|4,4|5,5|6,6|7,7|8,8|9,9|10,10 Understand very clearly",,,,,,,,RH,,,,
bipq_8,bipq,,radio,"8. How much does your depression affect you emotionally? (e.g. does it make you angry, scared, upset or depressed?","0,Not at all affected emotionally 0|1,1|2,2|3,3|4,4|5,5|6,6|7,7|8,8|9,9|10,10 Extremely affected emotionally",,,,,,,,RH,,,,
csri_1_1a,csri,"1. In the last 3 months, have you ever used the service of a:",radio,"general practitioner (GP)","0,No|1,Yes","Only record one-to-one contacts here.",,,,,,,,,csri_1_1,,
csri_1_1b,csri,,radio,neurologist,"0,No|1,Yes","Only record one-to-one contacts here.",,,,,,,,,csri_1_1,,
csri_1_1c,csri,,radio,psychiatrist,"0,No|1,Yes","Only record one-to-one contacts here.",,,,,,,,,csri_1_1,,
csri_1_1d,csri,,radio,"another doctor (specify)","0,No|1,Yes","Only record one-to-one contacts here.",,,,,,,,,csri_1_1,,
csri_1_1e,csri,,radio,"practice nurse","0,No|1,Yes","Only record one-to-one contacts here.",,,,,,,,,csri_1_1,,
csri_1_1f,csri,,radio,pharmacist,"0,No|1,Yes","Only record one-to-one contacts here.",,,,,,,,,csri_1_1,,
csri_1_1g,csri,,radio,psychologist/therapist,"0,No|1,Yes","Only record one-to-one contacts here.",,,,,,,,,csri_1_1,,
csri_1_1h,csri,,radio,physiotherapist,"0,No|1,Yes","Only record one-to-one contacts here.",,,,,,,,,csri_1_1,,
csri_1_1i,csri,,radio,"social worker","0,No|1,Yes","Only record one-to-one contacts here.",,,,,,,,,csri_1_1,,
csri_1_1j,csri,,radio,"community mental health worker","0,No|1,Yes","Only record one-to-one contacts here.",,,,,,,,,csri_1_1,,
csri_1_1k,csri,,radio,acupuncturist,"0,No|1,Yes","Only record one-to-one contacts here.",,,,,,,,,csri_1_1,,
csri_1_1l,csri,,radio,osteopath,"0,No|1,Yes","Only record one-to-one contacts here.",,,,,,,,,csri_1_1,,
csri_1_1m,csri,,radio,homeopath/herbalist,"0,No|1,Yes","Only record one-to-one contacts here.",,,,,,,,,csri_1_1,,
csri_1_1n,csri,,radio,"occupational therapist","0,No|1,Yes","Only record one-to-one contacts here.",,,,,,,,,csri_1_1,,
csri_1_1o,csri,,radio,"Other care providers","0,No|1,Yes","Only record one-to-one contacts here.",,,,,,,,,csri_1_1,,
csri_1_1d2,csri,,text,"Please specify the service of another doctor",,,integer,,,,"[csri_1_1d]=""1""",,,,,,
csri_1_1o2,csri,,text,"Please specify the service of other care givers",,,integer,,,,"[csri_1_1o]=""1""",,,,,,
csri_1_2a,csri,"1. What are the number of depression related contacts in last 6 months, you had with (a):",text,"general practitioner (GP)",,,integer,,,,"[csri_1_1a]=""1""",,,,,,
csri_1_2b,csri,,text,neurologist,,,integer,,,,"[csri_1_1b]=""1""",,,,,,
csri_1_2c,csri,,text,psychiatrist,,,integer,,,,"[csri_1_1c]=""1""",,,,,,
csri_1_2d,csri,,text,"another doctor",,,integer,,,,"[csri_1_1d]=""1""",,,,,,
csri_1_2e,csri,,text,"practice nurse",,,integer,,,,"[csri_1_1e]=""1""",,,,,,
csri_1_2f,csri,,text,pharmacist,,,integer,,,,"[csri_1_1f]=""1""",,,,,,
csri_1_2g,csri,,text,psychologist/therapist,,,integer,,,,"[csri_1_1g]=""1""",,,,,,
csri_1_2h,csri,,text,physiotherapist,,,integer,,,,"[csri_1_1h]=""1""",,,,,,
csri_1_2i,csri,,text,"social worker",,,integer,,,,"[csri_1_1i]=""1""",,,,,,
csri_1_2j,csri,,text,"community mental health worker",,,integer,,,,"[csri_1_1j]=""1""",,,,,,
csri_1_2k,csri,,text,acupuncturist,,,integer,,,,"[csri_1_1k]=""1""",,,,,,
csri_1_2l,csri,,text,osteopath,,,integer,,,,"[csri_1_1l]=""1""",,,,,,
csri_1_2m,csri,,text,homeopath/herbalist,,,integer,,,,"[csri_1_1m]=""1""",,,,,,
csri_1_2n,csri,,text,"occupational therapist",,,integer,,,,"[csri_1_1n]=""1""",,,,,,
csri_1_2o,csri,,text,"other care providers.",,,integer,,,,"[csri_1_1o]=""1""",,,,,,
csri_1_3a,csri,"1. What are the number of non-depression related contacts in last 6 months, you had with (a):",text,"general practitioner (GP)",,,integer,,,,"([csri_1_2a]=0 or [csri_1_2a]="""") and [csri_1_1a]=""1""",,,,,,
csri_1_3b,csri,,text,neurologist,,,integer,,,,"([csri_1_2b]=0 or [csri_1_2b]="""") and [csri_1_1b]=""1""",,,,,,
csri_1_3c,csri,,text,psychiatrist,,,integer,,,,"([csri_1_2c]=0 or [csri_1_2c]="""") and [csri_1_1c]=""1""",,,,,,
csri_1_3d,csri,,text,"another doctor",,,integer,,,,"([csri_1_2d]=0 or [csri_1_2d]="""") and [csri_1_1d]=""1""",,,,,,
csri_1_3e,csri,,text,"practice nurse",,,integer,,,,"([csri_1_2e]=0 or [csri_1_2e]="""") and [csri_1_1e]=""1""",,,,,,
csri_1_3f,csri,,text,pharmacist,,,integer,,,,"([csri_1_2f]=0 or [csri_1_2f]="""") and [csri_1_1f]=""1""",,,,,,
csri_1_3g,csri,,text,psychologist/therapist,,,integer,,,,"([csri_1_2g]=0 or [csri_1_2g]="""") and [csri_1_1g]=""1""",,,,,,
csri_1_3h,csri,,text,physiotherapist,,,integer,,,,"([csri_1_2h]=0 or [csri_1_2h]="""") and [csri_1_1h]=""1""",,,,,,
csri_1_3i,csri,,text,"social worker",,,integer,,,,"([csri_1_2i]=0 or [csri_1_2i]="""") and [csri_1_1i]=""1""",,,,,,
csri_1_3j,csri,,text,"community mental health worker",,,integer,,,,"([csri_1_2j]=0 or [csri_1_2j]="""") and [csri_1_1j]=""1""",,,,,,
csri_1_3k,csri,,text,acupuncturist,,,integer,,,,"([csri_1_2k]=0 or [csri_1_2k]="""") and [csri_1_1k]=""1""",,,,,,
csri_1_3l,csri,,text,osteopath,,,integer,,,,"([csri_1_2l]=0 or [csri_1_2l]="""") and [csri_1_1l]=""1""",,,,,,
csri_1_3m,csri,,text,homeopath/herbalist,,,integer,,,,"([csri_1_2m]=0 or [csri_1_2m]="""") and [csri_1_1m]=""1""",,,,,,
csri_1_3n,csri,,text,"occupational therapist",,,integer,,,,"([csri_1_2n]=0 or [csri_1_2n]="""") and [csri_1_1n]=""1""",,,,,,
csri_1_3o,csri,,text,"other care providers.",,,integer,,,,"([csri_1_2o]=0 or [csri_1_2o]="""") and [csri_1_1o]=""1""",,,,,,
csri_1_4a,csri,"1. What was the average length of your contact with (a):",text,"general practitioner (GP)",,,integer,,,,"([csri_1_2a]>0 or [csri_1_3a]>0) and [csri_1_1a]=""1""",,,,,,
csri_1_4b,csri,,text,neurologist,,,integer,,,,"([csri_1_2b]>0 or [csri_1_3b]>0) and [csri_1_1b]=""1""",,,,,,
csri_1_4c,csri,,text,psychiatrist,,,integer,,,,"([csri_1_2c]>0 or [csri_1_3c]>0) and [csri_1_1c]=""1""",,,,,,
csri_1_4d,csri,,text,"another doctor",,,integer,,,,"([csri_1_2d]>0 or [csri_1_3d]>0) and [csri_1_1d]=""1""",,,,,,
csri_1_4e,csri,,text,"practice nurse",,,integer,,,,"([csri_1_2e]>0 or [csri_1_3e]>0) and [csri_1_1e]=""1""",,,,,,
csri_1_4f,csri,,text,pharmacist,,,integer,,,,"([csri_1_2f]>0 or [csri_1_3f]>0) and [csri_1_1f]=""1""",,,,,,
csri_1_4g,csri,,text,psychologist/therapist,,,integer,,,,"([csri_1_2g]>0 or [csri_1_3g]>0) and [csri_1_1g]=""1""",,,,,,
csri_1_4h,csri,,text,physiotherapist,,,integer,,,,"([csri_1_2h]>0 or [csri_1_3h]>0) and [csri_1_1h]=""1""",,,,,,
csri_1_4i,csri,,text,"social worker",,,integer,,,,"([csri_1_2i]>0 or [csri_1_3i]>0) and [csri_1_1i]=""1""",,,,,,
csri_1_4j,csri,,text,"community mental health worker",,,integer,,,,"([csri_1_2j]>0 or [csri_1_3j]>0) and [csri_1_1j]=""1""",,,,,,
csri_1_4k,csri,,text,acupuncturist,,,integer,,,,"([csri_1_2k]>0 or [csri_1_3k]>0) and [csri_1_1k]=""1""",,,,,,
csri_1_4l,csri,,text,osteopath,,,integer,,,,"([csri_1_2l]>0 or [csri_1_3l]>0) and [csri_1_1l]=""1""",,,,,,
csri_1_4m,csri,,text,homeopath/herbalist,,,integer,,,,"([csri_1_2m]>0 or [csri_1_3m]>0) and [csri_1_1m]=""1""",,,,,,
csri_1_4n,csri,,text,"occupational therapist",,,integer,,,,"([csri_1_2n]>0 or [csri_1_3n]>0) and [csri_1_1n]=""1""",,,,,,
csri_1_4o,csri,,text,"other care providers",,,integer,,,,"([csri_1_2o]>0 or [csri_1_3o]>0) and [csri_1_1o]=""1""",,,,,,
csri_2,csri,"In the last 3 months",radio,"2. Have you been admitted as a hospital inpatient?","0,No|1,Yes",,,,,,,,,,,,
csri_3_1st_1,csri,"3. If yes (first admission):",text,"What is the hospital name, department and ward type?",,,,,,,"[csri_2]=""1""",,,,,,
csri_3_1st_2,csri,,text,"What was the reason for admission?",,,,,,,"[csri_2]=""1""",,,,,,
csri_3_1st_3,csri,,text,"What was the admission start date?",,,date_dmy,,,,"[csri_2]=""1""",,,,,,
csri_3_1st_4,csri,,text,"What was the admission end date?",,,date_dmy,,,,"[csri_2]=""1""",,,,,,
csri_3_1st_5,csri,,text,"How many days were you admitted?",,,integer,,,,"[csri_2]=""1""",,,,,,
csri_3_2nd_1,csri,"3. If yes (second admission):",text,"What is the hospital name, department and ward type?",,,,,,,"[csri_2]=""1""",,,,,,
csri_3_2nd_2,csri,,text,"What was the reason for admission?",,,,,,,"[csri_2]=""1""",,,,,,
csri_3_2nd_3,csri,,text,"What was the admission start date?",,,date_dmy,,,,"[csri_2]=""1""",,,,,,
csri_3_2nd_4,csri,,text,"What was the admission end date?",,,date_dmy,,,,"[csri_2]=""1""",,,,,,
csri_3_2nd_5,csri,,text,"How many days were you admitted?",,,integer,,,,"[csri_2]=""1""",,,,,,
csri_3_3rd_1,csri,"3. If yes (third admission):",text,"What is the hospital name, department and ward type?",,,,,,,"[csri_2]=""1""",,,,,,
csri_3_3rd_2,csri,,text,"What was the reason for admission?",,,,,,,"[csri_2]=""1""",,,,,,
csri_3_3rd_3,csri,,text,"What was the admission start date?",,,date_dmy,,,,"[csri_2]=""1""",,,,,,
csri_3_3rd_4,csri,,text,"What was the admission end date?",,,date_dmy,,,,"[csri_2]=""1""",,,,,,
csri_3_3rd_5,csri,,text,"How many days were you admitted?",,,integer,,,,"[csri_2]=""1""",,,,,,
csri_3_4th_1,csri,"3. If yes (fourth admission):",text,"What is the hospital name, department and ward type?",,,,,,,"[csri_2]=""1""",,,,,,
csri_3_4th_2,csri,,text,"What was the reason for admission?",,,,,,,"[csri_2]=""1""",,,,,,
csri_3_4th_3,csri,,text,"What was the admission start date?",,,date_dmy,,,,"[csri_2]=""1""",,,,,,
csri_3_4th_4,csri,,text,"What was the admission end date?",,,date_dmy,,,,"[csri_2]=""1""",,,,,,
csri_3_4th_5,csri,,text,"How many days were you admitted?",,,integer,,,,"[csri_2]=""1""",,,,,,
csr_4,csri,"4. In the last 3 months",text,"How many times have you attended A&E?",,,integer,,,,,,,,,,
csr_5_1_1,csri,"5. In the last 6 months, have you received help from friends or relatives on any of the following tasks, as a consequence of health problems?",radio,childcare,"0,No|1,Yes",,,,,,,,,,,,
csr_5_1_2,csri,,radio,"personal care (e.g. washing, dressing)","0,No|1,Yes",,,,,,,,,,,,
csr_5_1_3,csri,,radio,"help in/around the house (e.g. cooking, cleaning etc.)","0,No|1,Yes",,,,,,,,,,,,
csr_5_1_4,csri,,radio,"help outside the home (e.g. shopping, transport","0,No|1,Yes",,,,,,,,,,,,
csr_5_1_5,csri,,radio,"Other help","0,No|1,Yes",,,,,,,,,,,,
csr_5_1_5a,csri,"If ""Other help""",text,"Please specify",,,,,,,"[csr_5_1_5]=""1""",,,,,,
csr_5_2_1,csri,"5. If in the last 6 months, you have received help from friends or relatives, as a consequence of health problems, what was the average number of hours per week on",text,childcare,,,integer,,,,,,,,,,
csr_5_2_2,csri,,text,"personal care (e.g. washing, dressing)",,,integer,,,,,,,,,,
csr_5_2_3,csri,,text,"help in/around the house (e.g. cooking, cleaning etc.)",,,integer,,,,,,,,,,
csr_5_2_4,csri,,text,"help outside the home (e.g. shopping, transport",,,integer,,,,,,,,,,
csr_5_2_5,csri,,text,"Other help",,,integer,,,,,,,,,,
csr_6_1_1,csri,"6. Please list the use of any medications taken over the last 3 months.",text,"What medication have you taken?",,,,,,,,,,,,,
csr_6_1_2,csri,,text,"What is the dosage (if known) of the medication taken?",,,,,,,,,,,,,
csr_6_1_3,csri,,text,"What is the dose frequency of the medication taken? (e.g. daily)",,,,,,,,,,,,,
csr_6_1_4,csri,,text,"For how long have you taken this drug?",,,,,,,,,,,,,
csr_6_2_1,csri,"6. Please list the use of any medications taken over the last 3 months.",text,"What medication have you taken?",,,,,,,,,,,,,
csr_6_2_2,csri,,text,"What is the dosage (if known) of the medication taken?",,,,,,,,,,,,,
csr_6_2_3,csri,,text,"What is the dose frequency of the medication taken? (e.g. daily)",,,,,,,,,,,,,
csr_6_2_4,csri,,text,"For how long have you taken this drug?",,,,,,,,,,,,,
csr_6_3_1,csri,"6. Please list the use of any medications taken over the last 3 months.",text,"What medication have you taken?",,,,,,,,,,,,,
csr_6_3_2,csri,,text,"What is the dosage (if known) of the medication taken?",,,,,,,,,,,,,
csr_6_3_3,csri,,text,"What is the dose frequency of the medication taken? (e.g. daily)",,,,,,,,,,,,,
csr_6_3_4,csri,,text,"For how long have you taken this drug?",,,,,,,,,,,,,
csr_6_4_1,csri,"6. Please list the use of any medications taken over the last 3 months.",text,"What medication have you taken?",,,,,,,,,,,,,
csr_6_4_2,csri,,text,"What is the dosage (if known) of the medication taken?",,,,,,,,,,,,,
csr_6_4_3,csri,,text,"What is the dose frequency of the medication taken? (e.g. daily)",,,,,,,,,,,,,
csr_6_4_4,csri,,text,"For how long have you taken this drug?",,,,,,,,,,,,,
csr_6_5_1,csri,"6. Please list the use of any medications taken over the last 3 months.",text,"What medication have you taken?",,,,,,,,,,,,,
csr_6_5_2,csri,,text,"What is the dosage (if known) of the medication taken?",,,,,,,,,,,,,
csr_6_5_3,csri,,text,"What is the dose frequency of the medication taken? (e.g. daily)",,,,,,,,,,,,,
csr_6_5_4,csri,,text,"For how long have you taken this drug?",,,,,,,,,,,,,
csr_7,csri,"7. Current employment status",radio,"What is your current employment status?","0,Employed full-time and working|1,Employed full-time but 'off-sick'|2,Employed part-time|3,Employed part-time but 'off-sick'|4,Unemployed|5,Self employed and working|6,Self-employed but 'off-sick'|7,Retired (because of age)|8,Retired (because of ill health)|9,Student|10,Student but interrupted due to illness|11,Housewife/husband|12,Other",,,,,,,,,,,,
csr_7a,csri,,text,"If your current employment status is ""Other"", please specify",,,,,,,"[csr_7]=""12""",,,,,,
csr_8,csri,"How many days (if any) have you had off work in the last 3 months because of",text,"8. Any physical health problems?",,,integer,,,,,,,,,,
csr_9,csri,,text,"9. Any mental health problems?",,,integer,,,,,,,,,,
lte_1,lte_sr,"Since your last assessment, have any of the following happened:",radio,"You yourself suffered a serious illness, injury or an assault.","0,No|1,Yes",,,,,,,,,,lte,,
lte_2,lte_sr,,radio,"A serious illness, injury or assault happened to a close relative.","0,No|1,Yes",,,,,,,,,,lte,,
lte_3,lte_sr,,radio,"Your parent, child or partner died.","0,No|1,Yes",,,,,,,,,,lte,,
lte_4,lte_sr,,radio,"A close family friend or another relative (aunt, cousin, grandparent) died.","0,No|1,Yes",,,,,,,,,,lte,,
lte_5,lte_sr,,radio,"You had a separation due to marital/civil partnership difficulties.","0,No|1,Yes",,,,,,,,,,lte,,
lte_6,lte_sr,,radio,"You broke off a steady relationship.","0,No|1,Yes",,,,,,,,,,lte,,
lte_7,lte_sr,,radio,"You had a serious problem with a close friend, neighbour or relative.","0,No|1,Yes",,,,,,,,,,lte,,
lte_8,lte_sr,,radio,"You became unemployed or you were seeking work unsuccessfully for more than one month.","0,No|1,Yes",,,,,,,,,,lte,,
lte_9,lte_sr,,radio,"You were sacked from your job.","0,No|1,Yes",,,,,,,,,,lte,,
lte_10,lte_sr,,radio,"You had a major financial crisis.","0,No|1,Yes",,,,,,,,,,lte,,
lte_11,lte_sr,,radio,"You had problems with the police and a court appearance.","0,No|1,Yes",,,,,,,,,,lte,,
lte_12,lte_sr,,radio,"Something you valued was lost or stolen: at least one such event in the past 3 months.","0,No|1,Yes",,,,,,,,,,lte,,
lte_13,lte_sr,,radio,"Something you valued was lost or stolen: at least one such event in the past 6 months.","0,No|1,Yes",,,,,,,,,,lte,,
current_medication,medication_adherence,,radio,"Are you currently taking medication?","0,No|1,Yes",,,,,,,,,,,,
current_medication_depr,medication_adherence,,radio,"Are you currently taking medication for depression?","0,No|1,Yes",,,,,,"[current_medication]=""1""",,,,,,
medication_depr_adherence,medication_adherence,"People often do not take their medication for several reasons.",text,"In the past 3 months, what percentage of the time have you taken your medication as prescribed? (0-100%)",,,integer,,,,"[current_medication_depr]=""1""",,,,,,
current_other_medication,medication_adherence,,radio,"Are you currently taking medication other than for MS?","0,No|1,Yes",,,,,,,,,,,,
medication_other_change,medication_adherence,,radio,"If yes, did it change compared to the last visit?","0,No|1,Yes",,,,,,"[current_other_medication]=""1""",,,,,,
med_other_change_spec,medication_adherence,,text,"Please specify",,,,,,,"[medication_other_change]=""1""",,,,,,
current_ms_therapy,medication_adherence,,radio,"Are you currently  taking symptomatic therapies for MS?","0,No|1,Yes",,,,,,,,,,,,
current_ms_therapy_spec,medication_adherence,,text,"Please specify",,,,,,,"[current_ms_therapy]=""1""",,,,,,
medication_dmt,medication_adherence,,radio,"Are you currently taking a DMT?","0,No|1,Yes",,,,,,,,,,,,
medication_adherence_a,medication_adherence,,text,"People often do not take their medication for several reasons. In the past 3 months, what percentage of the time have you taken your medication as prescribed? (0-100%)",,%,integer,,,,"[medication_dmt]=""1""",,,,,,
medication_medication_a,medication_adherence,,radio,"Did the medication your are taking change since your previous visit?","0,No|1,Yes",,,,,,,,,,,,
medication_change_reason,medication_adherence,,checkbox,"What was the reason of the change?","0,Inefficacy|1,Side Effects|2,Patient decision|3,Other",,,,,,"[medication_medication_a]=""1""",,,,,,
medication_new_dmt,medication_adherence,,radio,"What is the new DMT?","0,IFN beta 1 a i.m|1,PEGIFN|2,IFN beta 1 a s.c.|3,IFN beta 1 b|4,Glatiramer acetate|5,Teriflunomide|6,Dimethyl fumarate|7,Natalizumab|8,Fingolimod|9,Daclizumab|10,Alemtuzumab|11,Cyclophosphamide|12,Oral immunosuppressive drugs (azathioprine, methotrexate...)|13,Experimental drugs|14,Others",,,,,,"[medication_medication_a]=""1""",,,,,,
ms_onset_date,ms_medical_history,,text,"1. First MS symptoms onset date",,,date_dmy,,,,,,,,,,
ms_symptoms,ms_medical_history,,checkbox,"2. First MS symptoms","0,Supratentorial|1,Optic Nerve|2,Brainstem/Cerebellum|3,Spinal cord|4,Multifocal onset|5,Other",,,,,,,,,,,,
ms_diagnose_date,ms_medical_history,,text,"3. Date of MS diagnosis (if applicable)",,,date_dmy,,,,,,,,,,
ms_onset_prog,ms_medical_history,,radio,"4. MS Progression from onset","0,No|1,Yes",,,,,,,,,,,,
ms_edss,ms_medical_history,,text,"5. EDSS at disease onset",,,,,,,,,,,,,
ongoing_dmt,ms_medical_history,,radio,"6. Is a DMT ongoing?","0,No|1,Yes",,,,,,,,,,,,
dmt_start_date,ms_medical_history,,text,"7. DMT start date",,,date_dmy,,,,,,,,,,
dmt_ongoing,ms_medical_history,,radio,"8. Ongoing DMT:","0,IFN beta 1 a i.m|1,PEGIFN|2,IFN beta 1 a s.c.|3,IFN beta 1 b|4,Glatiramer acetate|5,Teriflunomide|6,Dimethyl fumarate|7,Natalizumab|8,Fingolimod|9,Daclizumab|10,Alemtuzumab|11,Cyclophosphamide|12,Oral immunosuppressive drugs (azathioprine, methotrexate...)|13,Experimental drugs|14,Others",,,,,,,,,,,,
symptomatic_therapy,ms_medical_history,,radio,"9. Symptomatic therapy (other than antidepressant drugs)","0,No|1,Yes",,,,,,,,,,,,
symptomatic_therapy_spec,ms_medical_history,,text,"Please specify",,,,,,,"[symptomatic_therapy]=""1""",,,,,,
last_dose_steroids,ms_medical_history,,text,"10. Last dose of steroids (date)",,,date_dmy,,,,,,,,,,
bdi_sadness,beck_depression_inventory_v2,,radio,"1. Sadness","0,I do not feel sad|1,I feel sad much of the time|2,I am sad all the time|3,I am so sad or unhappy that I cannot stand it",,,,,,,,,,,,
bdi_pessimism,beck_depression_inventory_v2,,radio,"2. Pessimism","0,I am not discouraged about my future|1,I feel more discouraged about my future than I used to be|2,I do not expect things to work out for me|3,I feel my future is hopeless and will only get worse",,,,,,,,,,,,
bdi_past_failure,beck_depression_inventory_v2,,radio,"3. Past Failure","0,I do not feel like a failure|1,I have failed more than I should have|2,As I look back, I see a lot of failures|3,I feel I am a total failure as a person",,,,,,,,,,,,
bdi_loss_pleasure,beck_depression_inventory_v2,,radio,"4. Loss of Pleasure","0,I get as much pleasure as I ever did from the things I enjoy|1,I do not enjoy things as much as I used to|2,I get very litte pleasure from the things I used to enjoy|3,I cannot get any pleasure from the things I used to enjoy",,,,,,,,,,,,
bdi_guilt,beck_depression_inventory_v2,,radio,"5. Guilty Feelings","0,I do not feel particularly guilty|1,I feel guilty over many things I have done or should have done|2,I feel quite guilty most of the time|3,I feel guilty all of the time",,,,,,,,,,,,
bdi_punishment,beck_depression_inventory_v2,,radio,"6. Punishment Feelings","0,I do not feel I am being punished|1,I feel I may be punished|2,I expect to be punished|3,I feel I am being punished",,,,,,,,,,,,
bdi_selfdislike,beck_depression_inventory_v2,,radio,"7. Self-Dislike","0,I feel the same about myself a ever|1,I have lost confidence in myself|2,I am disappointed in myself|3,I dislike myself",,,,,,,,,,,,
bdi_selfcriticalness,beck_depression_inventory_v2,,radio,"8. Self-Criticalness","0,I do not criticize or blame myself more than usual|1,I am more critical of myself than I used to be|2,I criticize myself for all of my faults|3,I blame myself for everything bad that happens",,,,,,,,,,,,
bdi_suicidal,beck_depression_inventory_v2,,radio,"9. Suicidal Thoughts or Wishes","0,I do not have any thoughts of killing myself|1,I have thoughts of killing myself, but I would not carry them out|2,I would like to kill myself|3,I would kill myself if I had the chance",,,,,,,,,,,,
bdi_crying,beck_depression_inventory_v2,,radio,"10. Crying","0,I do not cry anymore than I used to|1,I cry more than I used to|2,I cry over every little thing|3,I feel like crying, but I cannot",,,,,,,,,,,,
bdi_agitation,beck_depression_inventory_v2,,radio,"11. Agitation","0, I am no more restless or wound up than usual | 1, I feel more restless or wound up than usual | 2, I am so restless or agitated that it's hard to stay still | 3, I am so restless or agitated that I have to keep moving or doing something",,,,,,,,,,,,
bdi_lostofinterest,beck_depression_inventory_v2,,radio,"12. Loss of Interest","0, I have not lost interest in other people or activities | 1, I am less interested in other people or things than before | 2, I have lost most of my interest in other people or things | 3, It's hard to get interested in anything",,,,,,,,,,,,
bdi_indecisiveness,beck_depression_inventory_v2,,radio,"13. Indecisiveness","0, I make decisions about as well as ever | 1, I find it more difficult to make decisions tha usual | 2, I have much greater difficulty in making decisions than I used to | 3, I have trouble making any decisions",,,,,,,,,,,,
bdi_worthlessness,beck_depression_inventory_v2,,radio,"14. Worthlessness","0, I do not feel I am worthless | 1, I don't consider myself as worthwhile and useful as I used to | 2, I feel more worthless as compared to other people | 3, I feel utterly worthless",,,,,,,,,,,,
bdi_lossenergy,beck_depression_inventory_v2,,radio,"15. Loss of Energy","0, I have as much energy as ever | 1, I have less energy than I used to have | 2, I don't have enough energy to do very much | 3, I don't have enough energy to do anyhting",,,,,,,,,,,,
bdi_changessleeppattern,beck_depression_inventory_v2,,radio,"16. Changes in Sleeping Pattern","0, 0. I have not experienced any change in sleeping pattern | 1, 1a. I sleep somewhat more than usual | 2, 1b. I sleep somewhat less than usual | 3, 2a. I sleep a lot more than usual | 4, 2b. I sleep a lot less than usual | 5, 3a. I sleep most of the day | 6, 3b. I wake up 1-2 hours early and can't get back to sleep",,,,,,,,,,,,
bdi_irritable,beck_depression_inventory_v2,,radio,"17. Irratibility","0, I am no more irritable than usual | 1, I am more irritable than usual | 2, I am much more irritable than usual | 3, I am irritable all the time",,,,,,,,,,,,
bdi_changesappetite,beck_depression_inventory_v2,,radio,"18. Changes in Appetite","0, 0. I have not experienced any changes in my appetite | 1, 1a. My appetite is somewhat less than usual | 2, 1b. My appetite is somewhat greater than usual | 3, 2a. My appetite is much less than before | 4, 2b. My appetite is much gretaer than usual | 5, 3a. I have no appetite at all | 6, 3b. I crave food all the time",,,,,,,,,,,,
bdi_concentration,beck_depression_inventory_v2,,radio,"19. Concentration Difficulty","0, I can concetrate as well as ever | 1, I can't concentrate as well as usual | 2, It's hard to keep my mind on anything for very long | 3, I find can't concetrate anything",,,,,,,,,,,,
bdi_tirednessorfatigue,beck_depression_inventory_v2,,radio,"20. Tiredness or Fatigue
","0, I am no more tired or fatigued than usual | 1, I get more tired or fatigue more easily than usual | 2, I am too tired or fatigued to do a lot of the things I used to do | 3, I am too tired or fatigued to do most of the things I used to do",,,,,,,,,,,,
bdi_lossintersex,beck_depression_inventory_v2,,radio,"21. Loss of Interest in Sex","0, I have not noticed any recent change in my interest in sex | 1, I am less interested in sex than I used to be | 2, I am much less interested in sex now | 3, I have lost interest in sex completely",,,,,,,,,,,,
sf36_1,sf_36,,radio,"1. In general, would you say your health is:","1,Excellent|2,Very Good|3,Good|4,Fair|5,Poor",,,,,,,,,,,,
sf36_2,sf_36,,radio,"2. Compared to one year ago, how would you rate your health in general at this time:","1,Much better now than one year ago|2,Somewhat better now than one year ago|3,Abouit the same as one year ago|4,Somewhat worse than one year ago|5,Much worse than one year ago",,,,,,,,,,,,
sf36_3a,sf_36,"3. The following items are about activities you might do during a typical day. Does you health now limit you in these activities? If so, how much?",radio,"a. Vigorous activities, such as running, lifting heavy objects, or participation in strenuous sports","1,Yes, limited a lot|2,Yes, limited alittle|3,No, not limited",,,,,,,,,,sf36_3,,
sf36_3b,sf_36,,radio,"b. Moderate activities, such as moving a table, vacuuming, bowling or golfing","1,Yes, limited a lot|2,Yes, limited alittle|3,No, not limited",,,,,,,,,,sf36_3,,
sf36_3c,sf_36,,radio,"c. Lifting or carrying groceries","1,Yes, limited a lot|2,Yes, limited alittle|3,No, not limited",,,,,,,,,,sf36_3,,
sf36_3d,sf_36,,radio,"d. Climbing one flight of stairs","1,Yes, limited a lot|2,Yes, limited alittle|3,No, not limited",,,,,,,,,,sf36_3,,
sf36_3e,sf_36,,radio,"e. Bending, kneeling or stooping","1,Yes, limited a lot|2,Yes, limited alittle|3,No, not limited",,,,,,,,,,sf36_3,,
sf36_3f,sf_36,,radio,"f. Walking more than a mile","1,Yes, limited a lot|2,Yes, limited alittle|3,No, not limited",,,,,,,,,,sf36_3,,
sf36_3g,sf_36,,radio,"g. Walking several blocks","1,Yes, limited a lot|2,Yes, limited alittle|3,No, not limited",,,,,,,,,,sf36_3,,
sf36_3h,sf_36,,radio,"h. Walking one block","1,Yes, limited a lot|2,Yes, limited alittle|3,No, not limited",,,,,,,,,,sf36_3,,
sf36_3i,sf_36,,radio,"i. Bathing or dressing yourself","1,Yes, limited a lot|2,Yes, limited alittle|3,No, not limited",,,,,,,,,,sf36_3,,
sf36_4a,sf_36,"4. During the past 4 weeks, have you had any of the following problems with your work or other regular activities as a result of you physical health?",radio,"a. Cut down on the amount of time spent on work or other activities","1,Yes|2,No",,,,,,,,RH,,,,
sf36_4b,sf_36,,radio,"b. Accomplished less than you would like","1,Yes|2,No",,,,,,,,RH,,,,
sf36_4c,sf_36,,radio,"c. Were  limited in the kind of work or other activities","1,Yes|2,No",,,,,,,,RH,,,,
sf36_4d,sf_36,,radio,"d. Had difficulty performing the work or other activities (For example - requiring extra effort)","1,Yes|2,No",,,,,,,,RH,,,,
sf36_5a,sf_36,"5. During the past four weeks, have you had any of the following problems with your work or other regular daily activities as result of any emotional problems (such as feeling depressed or anxious)?",radio,"a. Cut down on the amount of time you spent on work or other activities","1,Yes|2,No",,,,,,,,RH,,,,
sf36_5b,sf_36,,radio,"b. Accomplished less than you would like","1,Yes|2,No",,,,,,,,RH,,,,
sf36_5c,sf_36,,radio,"c. Did not do the work or other activities as carefully as usual","1,Yes|2,No",,,,,,,,RH,,,,
sf36_6,sf_36,6,radio,"During the past 4 weeks, to what extent has your physical health or emotional problems interfered with your normal social activities with family, friends, neighbors or groups?","1,Not at all|2,Slightly|3,Moderately|4,Quite a bit|5,Extremely",,,,,,,,,,,,
sf36_7,sf_36,7,radio,"How much bodily pain have you had during the past 4 weeks?","1,None|2,Very mild|3,Mild|4,Moderate|5,Severe|6,Very severe",,,,,,,,,,,,
sf36_8,sf_36,8,radio,"During the past 4 weeks, how much did pain interfere with your normal work (including both work outside the home and housework)?","1,Not at all|2,Slightly|3,Moderately|4,Quite a bit|5,Extremely",,,,,,,,,,,,
sf36_9a,sf_36,"9. These questions are about how you feel and how things have been with you during the past 4 weeks. Four each question, please give the one answer that comes closest to the way you have been feeling. How much of the time during the past 4 weeks:",radio,"a. Did you feel full of pep?","1,All of the time|2,Most of the time|3,A good bit of the time|4,Some of the time|5,A little of the time|6,None of the time",,,,,,,,,,sf36_9,,
sf36_9b,sf_36,,radio,"b. Have you been a very nervous person?","1,All of the time|2,Most of the time|3,A good bit of the time|4,Some of the time|5,A little of the time|6,None of the time",,,,,,,,,,sf36_9,,
sf36_9c,sf_36,,radio,"c. Have you felt so down in the damps that nothing could cheer you up?","1,All of the time|2,Most of the time|3,A good bit of the time|4,Some of the time|5,A little of the time|6,None of the time",,,,,,,,,,sf36_9,,
sf36_9d,sf_36,,radio,"d. Have you felt calm and peaceful?","1,All of the time|2,Most of the time|3,A good bit of the time|4,Some of the time|5,A little of the time|6,None of the time",,,,,,,,,,sf36_9,,
sf36_9e,sf_36,,radio,"e. Did you have a lot of energy?","1,All of the time|2,Most of the time|3,A good bit of the time|4,Some of the time|5,A little of the time|6,None of the time",,,,,,,,,,sf36_9,,
sf36_9f,sf_36,,radio,"f. Have you felt downhearted and blue?","1,All of the time|2,Most of the time|3,A good bit of the time|4,Some of the time|5,A little of the time|6,None of the time",,,,,,,,,,sf36_9,,
sf36_9g,sf_36,,radio,"g. Did you feel worn out?","1,All of the time|2,Most of the time|3,A good bit of the time|4,Some of the time|5,A little of the time|6,None of the time",,,,,,,,,,sf36_9,,
sf36_9h,sf_36,,radio,"h. Have you been a happy person?","1,All of the time|2,Most of the time|3,A good bit of the time|4,Some of the time|5,A little of the time|6,None of the time",,,,,,,,,,sf36_9,,
sf36_9i,sf_36,,radio,"i. Did you feel tired?","1,All of the time|2,Most of the time|3,A good bit of the time|4,Some of the time|5,A little of the time|6,None of the time",,,,,,,,,,sf36_9,,
sf36_10,sf_36,10,radio,"During the past 4 weeks, how much of the time has your physical health or emotional problems interfered with your social activities (like visiting friends, relatives etc.)?","1,All of the time|2,Most of the time|3,Some of the time|4,A little of the time|5,None of the time",,,,,,,,,,,,
sf36_11a,sf_36,"11. How TRUE or FALSE is the following statement to you?",radio,"a. I seem to get sick easier than other people","1,Definitely True|2,Mostly True|3,Do not Know|4,Mostly Flase|5,Definitely False",,,,,,,,,,sf36_11,,
sf36_11b,sf_36,,radio,"b. I am as healthy as anybody I know","1,Definitely True|2,Mostly True|3,Do not Know|4,Mostly Flase|5,Definitely False",,,,,,,,,,sf36_11,,
sf36_11c,sf_36,,radio,"c. I expect my health to get worse","1,Definitely True|2,Mostly True|3,Do not Know|4,Mostly Flase|5,Definitely False",,,,,,,,,,sf36_11,,
sf36_11d,sf_36,,radio,"d. My health is excellent","1,Definitely True|2,Mostly True|3,Do not Know|4,Mostly Flase|5,Definitely False",,,,,,,,,,sf36_11,,
cssr_1,columbia_suicide_severity_rating_scale,"<B>1. Wish to be Dead:</B>Persons endorses thoughts about a wish to be dead or not alive anymore, or wish to fall asleep and not wake up.",radio,"The past month, have you wished you were dead or wished you could go to sleep and not wake up?","0,No|1,Yes",,,,,,,,RH,,,,
cssr_2,columbia_suicide_severity_rating_scale,"<B>2. Suicidal Thoughts:</B>General non-specific thoughts of wanting to end one's life/commit suicide, <I>""I have thought about killing myself""</I> without general thoughts of ways to kill oneself/associated methods, intent, or plan.",radio,"The past month, have you actually had any thoughts of killing yourself?","0,No|1,Yes",,,,,,,,RH,,,,
cssr_3,columbia_suicide_severity_rating_scale,"<B>3. Suicidal Thoughts with Method (without Specific Plan or Intent to act):</B>Person endorses thoughts of suicide and has thought of at least one method during the assessment period. This is different than a specific plan with time, place or method details worked out. <I>""I thought about taking an overdose but I never made a specific plan as to when where or how I would actually do it ....and I would never go through with it.""</I>",radio,"The past month, have you been thinking about how you might kill yourself?","0,No|1,Yes",,,,,,"[cssr_2]=""1""",,RH,,,,
cssr_4,columbia_suicide_severity_rating_scale,"<B>4. Suicidal intent (without Specific Plan):</B>Active suicidal thoughts of killing oneself and patient reports having <U>some intent to act on such thoughts</U>, as opposed to <I>""I have the thoughts but I definitely will not do anything about them.""</I>",radio,"The past month, have you had these thoughts and had some intention of acting on them?","0,No|1,Yes",,,,,,"[cssr_2]=""1""",,RH,,,,
cssr_5,columbia_suicide_severity_rating_scale,"<B>5. Suicide Intent with Specific Plan:</B>Thoughts of killing oneself with details of a plan fully or partiallly worked out and person has some intent to carry it out.",radio,"The past month, have you started to work out or worked out details of how to kill yourself? Do you intend to carry out this plan?","0,No|1,Yes",,,,,,"[cssr_2]=""1""",,RH,,,,
cssr_6,columbia_suicide_severity_rating_scale,"<B>6. Suicide Behaviour Question:</B>",radio,"The past month, have you ever done anything, started to do anything, or prepared to do anything to end your life?","0,No|1,Yes",,,,,,,,RH,,,,"Examples: Collected pills, obtained a gun, gave away valuables, wrote a will or suicide note, took out pills but did not swallow any, held a gun but changed your mind or it was grabbed from your hand, went to the roof but did not jump; or actually took pills, tried to shoot yourself, cut yourself, tried to hang yourself, etc."
cssr_7,columbia_suicide_severity_rating_scale,,radio,"How long ago did you do any of these?","1,Over a year ago|2,Between three months and a year ago|3,Within the last three months",,,,,,"[cssr_6]=""1""",,,,,,
ms_symptomatology,ms_symptomatology,,radio,"Did you experienc any new MS symptom since the last visit?","0,No|1,Yes",,,,,,,,,,,,
ms_symptomatology_spec,ms_symptomatology,,text,"Please specify",,,,,,,"[ms_symptomatology]=""1""",,,,,,
pyramidal_score,expanded_disability_status_scale,,radio,"Pyramidal functions (weakness","0, 0 | 1, 1 | 2, 2 | 3, 3 | 4, 4 | 5, 5",,,,,,,,RH,,,,
cerebellar_score,expanded_disability_status_scale,,radio,"Cerebellar functions (ataxia, loss of coordination or","0, 0 | 1, 1 | 2, 2 | 3, 3 | 4, 4 | 5, 5 | 6, x",,,,,,,,RH,,,,
brainstem_score,expanded_disability_status_scale,,radio,"Brainstem functions (problems with","0, 0 | 1, 1 | 2, 2 | 3, 3 | 4, 4 | 5, 5",,,,,,,,RH,,,,
sensory_score,expanded_disability_status_scale,,radio,"Sensory functions (numbness or loss of sensations)","0, 0 | 1, 1 | 2, 2 | 3, 3 | 4, 4 | 5, 5 | 6, 6",,,,,,,,RH,,,,
bladder_bowel_score,expanded_disability_status_scale,,radio,Bowel,"0, 0 | 1, 1 | 2, 2 | 3, 3 | 4, 4 | 5, 5 | 6, 6",,,,,,,,RH,,,,
bladder_bowel_c_score,expanded_disability_status_scale,,text,"CONVERTED bowel and bladder FS score",,,integer,,,,"if([bladder_bowel_score]>3,[bladder_bowel_score]-1,[bladder_bowel_score])",,RH,,,,
visual_score,expanded_disability_status_scale,,radio,"Visual function","0, 0 | 1, 1 | 2, 2 | 3, 3 | 4, 4 | 5, 5 | 6, 6",,,,,,,,RH,,,,
visual_c_score,expanded_disability_status_scale,,text,"CONVERTED visual FS score",,,integer,,,,"if([visual_score]>4,[visual_score]-2,if([visual_score]>2,[visual_score]-2,[visual_score]))",,RH,,,,
cerebral_score,expanded_disability_status_scale,,radio,"Cerebral functions ","0, 0 | 1, 1 | 2, 2 | 3, 3 | 4, 4 | 5, 5",,,,,,,,RH,,,,
ambulation_meters,expanded_disability_status_scale,,text,"Meters walked",,m,number,,,,,,,,,,
ambulation_aid,expanded_disability_status_scale,,radio,"Walking aid?","0, No | 1, Yes",,,,,,,,,,,,
ambulation_unilateral_aid,expanded_disability_status_scale,,radio,"Unilateral walking aid?","0, No | 1, Yes",,,,,,"[ambulation_aid]=""1""",,,,,,
ambulation_bilateral_aid,expanded_disability_status_scale,,radio,"Bilateral walking aid?","0, No | 1, Yes",,,,,,"[ambulation_aid]=""1""",,,,,,
specify_walking_aid,expanded_disability_status_scale,,text,"Specify walking aid(s)",,,,,,,,,,,,,
ambulation_index,expanded_disability_status_scale,,radio,"Ambulation Index","0, 0 | 1, 1 | 2, 2 | 3, 3 | 4, 4 | 5, 5 | 6, 6 | 7, 7 | 8, 8 | 9, 9 | 10, 10 | 11, 11 | 12, 12",,,,,,,,RH,,,,
edds_score,expanded_disability_status_scale,,text,"Overall score",,,integer,,,,,,,,,,
fss_1,fatigue_severity_scale,"During the past week, I have found that:",radio,"1. My motivation is lower when I am fatigued","1,Strongly Disagree 1|2,2|3,3|4,4|5,5|6,6|7,7 Strongly Agree",,,,,,,,RH,,,,
fss_2,fatigue_severity_scale,,radio,"2. Exercise brings on my fatigue","1,Strongly Disagree 1|2,2|3,3|4,4|5,5|6,6|7,7 Strongly Agree",,,,,,,,RH,,,,
fss_3,fatigue_severity_scale,,radio,"3. I am easily fatigued","1,Strongly Disagree 1|2,2|3,3|4,4|5,5|6,6|7,7 Strongly Agree",,,,,,,,RH,,,,
fss_4,fatigue_severity_scale,,radio,"4. Fatigue interferes with my physical functioning","1,Strongly Disagree 1|2,2|3,3|4,4|5,5|6,6|7,7 Strongly Agree",,,,,,,,RH,,,,
fss_5,fatigue_severity_scale,,radio,"5. Fatigue causes frequent problems for me","1,Strongly Disagree 1|2,2|3,3|4,4|5,5|6,6|7,7 Strongly Agree",,,,,,,,RH,,,,
fss_6,fatigue_severity_scale,,radio,"6. My fatigue prevents sustained physical functioning","1,Strongly Disagree 1|2,2|3,3|4,4|5,5|6,6|7,7 Strongly Agree",,,,,,,,RH,,,,
fss_7,fatigue_severity_scale,,radio,"7. Fatigue interferes with carrying out certain duties and responsibilities","1,Strongly Disagree 1|2,2|3,3|4,4|5,5|6,6|7,7 Strongly Agree",,,,,,,,RH,,,,
fss_8,fatigue_severity_scale,,radio,"8. Fatigue is among my three most disabling symptoms","1,Strongly Disagree 1|2,2|3,3|4,4|5,5|6,6|7,7 Strongly Agree",,,,,,,,RH,,,,
fss_9,fatigue_severity_scale,,radio,"9. Fatigue interferes with my work, family, or social life","1,Strongly Disagree 1|2,2|3,3|4,4|5,5|6,6|7,7 Strongly Agree",,,,,,,,RH,,,,
ms_relapse,ms_relapse_determination,,radio,"Since the last contact (one month ago) did you experience any new or worsening MS related symptoms?","0,No|1,Yes",,,,,,,,,,,,
ms_relapse_spec,ms_relapse_determination,,text,"Specify the symptoms",,,,,,,"[ms_relapse]=""1""",,,,,,
sdm_score,symbol_digit_modality_test,,text,"Symbol Digit Modality test score",,,integer,,,,,,,,,,
t_25_f_w_visit_date,time_25foot_walk,,text,"Visit Date",,,date_mdy,,,,,,,,,,
t_25_f_w_afo,time_25foot_walk,,radio,"Did patient wear an AFO?","0, Yes | 1, No",,,,,,,,,,,,
t_25_f_w_deviceused,time_25foot_walk,,radio,"Was assistive device used?","0, Yes | 1, No",,,,,,,,,,,,
assistive_device,time_25foot_walk,,checkbox,"Assistive deviced used (mark one)","0, Unilateral Assistance | 1, Cane | 2, Crutch | 3, Bilateral Assistance | 4, Cane | 5, Crutch | 6, Walker/Rollator",,,,,,"[t_25_f_w_deviceused] = '0'",,,,,,
t_25_f_w_tr1_tf25fw,time_25foot_walk,,text,"TRIAL 1 --> Time for 25_Foot Walk",,,,,,,,,,,,,
t_25_f_w_complete_trial1,time_25foot_walk,,text,"TRIAL 1 --> For a complete trial, record any circumstances that affected the patient's performance:",,,,,,,,,,,,,
t_25_f_w_nocompltrial1,time_25foot_walk,,radio,"If trial was not completed (mark one)","0, Unable to complete trial due to physical limitations | 1, Other",,,,,,,,,,,,
t_25_f_w_specify1,time_25foot_walk,,text,Specify,,,,,,,"[t_25_f_w_nocompltrial1(0)] = '1'",,,,,,
t_25_f_w_specify2,time_25foot_walk,,text,Specify,,,,,,,"[t_25_f_w_nocompltrial1(1)] = '1'",,,,,,
t_25_f_w_complete_trial2,time_25foot_walk,,text,"TRIAL 2 --> For a complete trial, record any circumstances that affected the patient's performance:",,,,,,,,,,,,,
t_25_f_w_nocompltrial2,time_25foot_walk,,radio,"If trial was not completed (mark one)","0, Unable to complete trial due to physical limitations | 1, Other",,,,,,,,,,,,
t_25_f_w_specify3,time_25foot_walk,,text,Specify,,,,,,,"[t_25_f_w_nocompltrial2(0)] = '1'",,,,,,
t_25_f_w_specify4,time_25foot_walk,,text,Specify,,,,,,,"[t_25_f_w_nocompltrial2(1)] = '1'",,,,,,
t_25_f_w_twoattempts,time_25foot_walk,,radio,"Did it make more than two attempts to get two successful trials?","0, Yes | 1, No",,,,,,,,,,,,
t_25_f_w_reason_twoattempt,time_25foot_walk,,text,"If yes, please specify reason(s) for more than two attempted trials:",,,,,,,"[t_25_f_w_twoattempts] = '0'",,,,,,
h_p_t_visit_date,hole_peg_test,,text,"Visit Date",,,date_mdy,,,,,,,,,,
h_p_t,hole_peg_test,,radio,"Dominant hand  (check one)","0, Right | 1, Left",,,,,,,,,,,,
h_p_t_dh_trial1_time,hole_peg_test,,text,"D-H TRIAL1--> Time (seconds)",,,,,,,,,,,,,
h_p_t_dh_compl_trial1,hole_peg_test,,text,"D-H TRIAL1--> For a complete trial, record any circumstances that affescted the patient's performance",,,,,,,,,,,,,
h_p_t_dh_nocompl_trial1,hole_peg_test,,checkbox,"D-H TRIAL1--> If trial was not completed (mark one)","0, Unable to complete trial due to physical limitations | 1, Other",,,,,,,,,,,,
h_p_t_specify1,hole_peg_test,,text,Specify,,,,,,,"[h_p_t_dh_nocompl_trial1(0)] = '1'",,,,,,
h_p_t_specify2,hole_peg_test,,text,Specify,,,,,,,"[h_p_t_dh_nocompl_trial1(1)] = '1'",,,,,,
h_p_t_dh_trial2_time,hole_peg_test,,text,"D-H TRIAL2--> Time (seconds)",,,,,,,,,,,,,
h_p_t_dh_compl_trial2,hole_peg_test,,text,"D-H TRIAL2--> For a complete trial, record any circumstances that affescted the patient's performance",,,,,,,,,,,,,
h_p_t_dh_nocompl_trial2,hole_peg_test,,checkbox,"D-H TRIAL2--> If trial was not completed (mark one)","0, Unable to complete trial due to physical limitations | 1, Other",,,,,,,,,,,,
h_p_t_specify3,hole_peg_test,,text,Specify,,,,,,,"[h_p_t_dh_nocompl_trial2(0)] = '1'",,,,,,
h_p_t_specify4,hole_peg_test,,text,Specify,,,,,,,"[h_p_t_dh_nocompl_trial2(1)] = '1'",,,,,,
h_p_t_dh_twoattemp,hole_peg_test,,radio,"D-H. Did it take more than two attemps tp get two sucessful trials?","0, Yes | 1, No",,,,,,,,,,,,
h_p_t_dh_ifyes,hole_peg_test,,text,"If yes, please specift reason (s) for more than two attempted trials",,,,,,,"[h_p_t_dh_twoattemp] = '0'",,,,,,
h_p_t_ndh_trial1_time,hole_peg_test,,text,"N-D-H TRIAL1--> Time (seconds)",,,,,,,,,,,,,
h_p_t_ndh_compl_trial1,hole_peg_test,,text,"N-D-H TRIAL1--> For a complete trial, record any circumstances that affescted the patient's performance",,,,,,,,,,,,,
h_p_t_ndh_nocompl_trial1,hole_peg_test,,checkbox,"N-D-H TRIAL1--> If trial was not completed (mark one)","0, Unable to complete trial due to physical limitations | 1, Other",,,,,,,,,,,,
h_p_t_specify5,hole_peg_test,,text,Specify,,,,,,,"[h_p_t_ndh_nocompl_trial1(0)] = '1'",,,,,,
n_p_t_specify6,hole_peg_test,,text,Specify,,,,,,,"[h_p_t_ndh_nocompl_trial1(1)] = '1'",,,,,,
h_p_t_ndh_trial2_time,hole_peg_test,,text,"N-D-H TRIAL2--> Time (seconds)",,,,,,,,,,,,,
h_p_t_ndh_compl_trial2,hole_peg_test,,text,"N-D-H TRIAL2--> For a complete trial, record any circumstances that affescted the patient's performance",,,,,,,,,,,,,
h_p_t_ndh_nocompl_trial2,hole_peg_test,,checkbox,"N-D-H TRIAL2--> If trial was not completed (mark one)","0, Unable to complete trial due to physical limitations | 1, Other",,,,,,,,,,,,
h_p_t_specify7,hole_peg_test,,text,Specify,,,,,,,"[h_p_t_ndh_nocompl_trial2(0)] = '1'",,,,,,
h_p_t_specify8,hole_peg_test,,text,Specify,,,,,,,"[h_p_t_ndh_nocompl_trial2(1)] = '1'",,,,,,
h_p_t_ndh_twoattemp,hole_peg_test,,radio,"N-D-H. Did it take more than two attemps tp get two sucessful trials?","0, Yes | 1, No",,,,,,,,,,,,
h_p_t_nhd_ifyes,hole_peg_test,,text,"If yes, please specift reason (s) for more than two attempted trials",,,,,,,"[h_p_t_ndh_twoattemp] = '0'",,,,,,
